id,gender,age
0,0,28
1,0,52
2,1,17
3,1,59
4,1,31
5,0,39
6,0,14
7,1,25
8,0,18
9,1,44
10,1,34
11,1,15
12,0,42
13,1,49
14,1,55
15,1,58
16,0,45
17,1,47
18,1,20
19,1,50
20,0,47
21,1,44
22,1,14
23,0,38
24,1,38
25,1,31
26,0,50
27,0,59
28,1,40
29,0,50
30,0,46
31,0,11
32,1,23
33,0,40
34,0,54
35,0,47
36,1,18
37,1,49
38,0,28
39,1,44
40,1,52
41,1,45
42,0,36
43,1,25
44,0,24
45,1,43
46,1,51
47,1,47
48,0,33
49,1,37
50,0,58
51,1,45
52,1,40
53,0,15
54,1,17
55,0,40
56,0,34
57,1,47
58,0,21
59,0,47
60,1,25
61,1,41
62,1,38
63,1,46
64,1,54
65,0,33
66,0,12
67,1,45
68,1,22
69,1,31
70,0,34
71,1,38
72,0,56
73,0,35
74,0,21
75,1,13
76,1,47
77,1,56
78,0,53
79,1,25
80,1,41
81,1,41
82,1,40
83,1,31
84,0,11
85,1,54
86,1,45
87,1,49
88,0,23
89,1,42
90,1,56
91,1,25
92,0,45
93,1,36
94,0,20
95,1,41
96,1,41
97,0,48
98,1,14
99,1,13
100,0,32
101,1,32
102,0,59
103,1,10
104,1,34
105,0,55
106,1,34
107,0,22
108,0,43
109,1,35
110,1,36
111,0,33
112,1,40
113,0,10
114,0,42
115,0,39
116,1,16
117,1,44
118,0,11
119,0,57
120,0,47
121,0,47
122,0,59
123,0,46
124,0,56
125,0,10
126,0,19
127,0,47
128,0,40
129,0,55
130,1,41
131,0,25
132,1,14
133,0,37
134,1,15
135,1,27
136,0,26
137,0,59
138,0,45
139,1,11
140,1,59
141,0,32
142,1,34
143,1,51
144,0,53
145,0,38
146,0,29
147,1,30
148,1,22
149,1,14
150,0,36
151,1,44
152,1,44
153,1,50
154,1,25
155,1,51
156,0,23
157,0,11
158,0,47
159,1,29
160,0,13
161,1,56
162,1,35
163,1,48
164,1,57
165,1,42
166,1,10
167,1,14
168,1,24
169,0,38
170,0,39
171,1,18
172,1,34
173,1,40
174,1,58
175,0,43
176,1,27
177,1,27
178,1,36
179,0,59
180,1,35
181,1,40
182,0,26
183,0,59
184,0,53
185,0,19
186,1,59
187,0,10
188,1,35
189,1,40
190,0,23
191,1,12
192,1,47
193,0,56
194,0,39
195,1,50
196,0,25
197,1,27
198,1,56
199,1,19
200,0,50
201,0,33
202,0,58
203,0,30
204,1,59
205,0,38
206,1,44
207,1,42
208,1,32
209,0,14
210,0,11
211,1,21
212,0,55
213,1,57
214,1,26
215,1,31
216,0,57
217,1,27
218,1,30
219,1,23
220,0,14
221,1,56
222,0,40
223,0,29
224,1,37
225,1,34
226,1,32
227,0,26
228,1,57
229,1,23
230,1,55
231,1,44
232,1,38
233,0,56
234,1,52
235,0,19
236,0,45
237,1,21
238,0,12
239,0,49
240,1,23
241,0,45
242,1,16
243,1,54
244,1,22
245,0,11
246,1,32
247,0,22
248,1,17
249,1,52
250,1,40
251,0,39
252,0,23
253,1,42
254,0,49
255,1,50
256,0,44
257,0,19
258,0,59
259,1,26
260,1,20
261,1,15
262,0,17
263,0,52
264,1,20
265,0,50
266,1,24
267,1,24
268,0,56
269,0,42
270,1,57
271,0,45
272,1,44
273,1,35
274,0,59
275,1,15
276,0,58
277,0,11
278,0,44
279,1,37
280,0,13
281,1,47
282,1,14
283,0,53
284,1,52
285,1,22
286,0,50
287,0,10
288,1,55
289,1,38
290,0,17
291,1,28
292,0,44
293,0,13
294,0,50
295,0,50
296,0,16
297,0,22
298,0,51
299,1,28
300,1,40
301,1,21
302,1,27
303,0,34
304,1,11
305,0,55
306,1,51
307,0,50
308,0,17
309,0,49
310,1,37
311,0,33
312,1,33
313,1,42
314,1,32
315,1,55
316,0,19
317,1,24
318,1,39
319,1,11
320,1,35
321,0,40
322,1,29
323,1,24
324,1,50
325,0,42
326,1,49
327,0,58
328,0,19
329,1,16
330,1,53
331,0,47
332,1,40
333,1,57
334,1,32
335,0,38
336,1,33
337,0,16
338,1,41
339,0,11
340,1,13
341,0,27
342,1,22
343,1,12
344,1,48
345,1,47
346,1,44
347,1,44
348,1,41
349,0,11
350,1,39
351,1,19
352,0,20
353,1,26
354,0,49
355,0,26
356,1,46
357,1,59
358,0,43
359,1,13
360,1,10
361,0,32
362,1,42
363,1,23
364,1,12
365,1,34
366,1,11
367,0,17
368,0,27
369,0,47
370,0,35
371,1,49
372,0,21
373,0,34
374,0,38
375,0,30
376,0,12
377,1,24
378,0,10
379,0,29
380,0,52
381,1,19
382,1,20
383,0,13
384,1,25
385,0,37
386,1,31
387,1,56
388,1,13
389,1,25
390,1,41
391,0,37
392,1,35
393,1,40
394,0,28
395,1,39
396,0,49
397,1,22
398,0,37
399,1,46
400,0,41
401,1,24
402,1,16
403,1,34
404,0,14
405,0,19
406,0,57
407,0,26
408,0,33
409,1,54
410,0,43
411,1,43
412,1,47
413,1,35
414,0,48
415,1,21
416,1,38
417,1,26
418,0,41
419,1,36
420,1,52
421,0,29
422,0,33
423,1,28
424,1,45
425,0,45
426,0,14
427,1,44
428,0,41
429,1,58
430,1,10
431,0,13
432,0,24
433,0,43
434,0,45
435,0,16
436,1,43
437,1,45
438,0,52
439,0,31
440,0,43
441,0,17
442,0,59
443,0,41
444,1,50
445,1,36
446,0,25
447,0,36
448,1,23
449,0,11
450,0,47
451,1,24
452,1,18
453,0,42
454,1,31
455,1,17
456,0,16
457,0,11
458,0,42
459,0,22
460,0,26
461,1,16
462,1,36
463,1,28
464,1,43
465,1,53
466,0,46
467,0,46
468,0,42
469,0,51
470,1,10
471,1,10
472,0,41
473,0,41
474,1,40
475,0,27
476,1,40
477,0,11
478,1,35
479,1,29
480,1,48
481,1,22
482,0,45
483,0,44
484,1,41
485,0,23
486,0,16
487,1,35
488,1,40
489,0,34
490,1,23
491,0,22
492,0,26
493,0,22
494,1,58
495,0,30
496,1,34
497,0,21
498,1,31
499,1,14
500,0,57
501,1,11
502,1,57
503,0,58
504,0,54
505,1,54
506,1,28
507,0,51
508,1,39
509,1,51
510,1,28
511,1,40
512,0,10
513,0,20
514,1,16
515,0,13
516,1,58
517,0,55
518,0,49
519,0,44
520,0,24
521,1,53
522,0,42
523,0,18
524,1,13
525,1,44
526,1,45
527,1,42
528,1,40
529,1,47
530,0,52
531,0,27
532,0,45
533,0,16
534,0,32
535,1,19
536,1,26
537,1,18
538,1,46
539,1,16
540,0,15
541,0,46
542,1,29
543,1,41
544,0,52
545,1,15
546,1,21
547,0,22
548,1,26
549,1,59
550,0,59
551,0,38
552,0,40
553,0,56
554,1,19
555,0,10
556,1,42
557,0,48
558,1,40
559,0,56
560,1,52
561,1,14
562,1,36
563,1,15
564,1,21
565,1,57
566,1,27
567,0,51
568,0,26
569,0,39
570,0,34
571,0,57
572,0,33
573,1,14
574,1,45
575,1,57
576,0,25
577,1,31
578,0,34
579,1,24
580,1,57
581,0,55
582,0,34
583,0,21
584,0,51
585,1,24
586,1,57
587,1,20
588,1,58
589,0,34
590,0,36
591,1,43
592,1,41
593,0,21
594,1,42
595,1,17
596,0,20
597,1,30
598,0,49
599,0,34
600,1,50
601,0,40
602,1,44
603,1,33
604,1,21
605,1,24
606,0,58
607,0,40
608,0,17
609,1,40
610,0,20
611,1,36
612,1,28
613,1,41
614,0,20
615,0,45
616,1,48
617,0,34
618,1,54
619,1,14
620,1,28
621,0,23
622,1,21
623,0,33
624,1,32
625,1,39
626,0,50
627,0,51
628,1,18
629,1,59
630,0,58
631,1,19
632,0,14
633,0,37
634,0,16
635,0,25
636,1,47
637,0,23
638,1,16
639,1,30
640,1,57
641,1,34
642,0,54
643,0,42
644,1,23
645,1,46
646,0,19
647,0,17
648,0,36
649,1,46
650,0,15
651,1,25
652,1,28
653,1,33
654,0,12
655,1,32
656,1,13
657,1,46
658,0,31
659,0,20
660,1,48
661,1,59
662,0,32
663,0,12
664,0,44
665,0,51
666,0,59
667,1,44
668,0,49
669,1,58
670,1,36
671,0,28
672,0,54
673,1,53
674,0,33
675,0,52
676,1,33
677,0,11
678,1,36
679,1,46
680,1,39
681,1,44
682,0,13
683,1,26
684,1,30
685,0,40
686,1,51
687,1,15
688,1,55
689,1,57
690,1,24
691,1,14
692,0,23
693,0,48
694,1,22
695,0,53
696,1,59
697,0,45
698,0,58
699,1,27
700,1,35
701,0,36
702,0,15
703,1,43
704,0,49
705,1,47
706,0,56
707,0,46
708,1,46
709,0,51
710,0,52
711,1,43
712,1,39
713,1,28
714,1,46
715,1,39
716,0,22
717,0,31
718,0,56
719,0,37
720,0,14
721,0,58
722,1,18
723,0,54
724,0,26
725,1,30
726,0,37
727,1,23
728,1,55
729,1,38
730,0,35
731,1,17
732,0,53
733,1,22
734,1,47
735,0,55
736,1,32
737,1,35
738,0,58
739,0,30
740,1,38
741,0,55
742,0,33
743,0,38
744,0,27
745,1,19
746,1,58
747,0,50
748,0,57
749,1,45
750,0,30
751,0,24
752,1,39
753,0,12
754,0,33
755,1,54
756,0,42
757,1,44
758,1,42
759,1,45
760,0,36
761,0,40
762,0,59
763,0,53
764,1,53
765,1,47
766,1,49
767,0,34
768,0,31
769,1,40
770,1,47
771,0,12
772,1,49
773,1,25
774,1,54
775,0,22
776,0,43
777,0,36
778,0,24
779,0,37
780,0,41
781,1,12
782,0,36
783,1,52
784,0,36
785,1,13
786,1,14
787,1,46
788,1,25
789,1,44
790,1,24
791,0,16
792,0,13
793,0,50
794,0,49
795,0,41
796,1,30
797,0,22
798,1,17
799,0,57
800,0,48
801,0,49
802,0,46
803,0,25
804,0,21
805,1,59
806,1,56
807,0,40
808,0,53
809,0,19
810,0,12
811,0,32
812,0,40
813,0,49
814,1,44
815,0,17
816,0,57
817,1,33
818,1,14
819,0,43
820,1,42
821,1,54
822,1,18
823,1,13
824,1,38
825,0,19
826,0,20
827,1,16
828,0,36
829,0,12
830,0,45
831,1,54
832,1,45
833,0,34
834,0,52
835,1,16
836,0,58
837,0,15
838,0,30
839,1,50
840,0,44
841,0,58
842,0,23
843,1,50
844,1,49
845,1,41
846,1,33
847,0,22
848,1,48
849,1,50
850,0,14
851,0,52
852,1,34
853,1,29
854,0,17
855,1,25
856,0,57
857,0,26
858,1,53
859,1,28
860,0,34
861,0,33
862,0,22
863,1,12
864,1,31
865,0,27
866,0,23
867,1,47
868,0,38
869,0,58
870,0,40
871,1,24
872,1,46
873,0,23
874,1,14
875,0,56
876,0,51
877,0,54
878,1,47
879,0,20
880,0,25
881,1,32
882,1,48
883,0,15
884,1,18
885,1,25
886,1,50
887,0,39
888,1,32
889,1,26
890,1,58
891,1,40
892,0,39
893,0,39
894,0,24
895,1,44
896,1,23
897,1,10
898,0,30
899,1,20
900,0,13
901,0,25
902,1,42
903,0,32
904,1,56
905,1,58
906,1,34
907,0,53
908,1,14
909,1,57
910,1,31
911,1,35
912,1,15
913,0,15
914,1,58
915,0,12
916,1,28
917,1,31
918,0,25
919,1,58
920,0,32
921,0,50
922,0,22
923,0,15
924,1,17
925,1,57
926,0,19
927,1,11
928,0,56
929,1,25
930,0,44
931,0,50
932,0,39
933,1,26
934,1,32
935,1,27
936,1,58
937,0,48
938,1,12
939,1,23
940,1,29
941,1,13
942,1,42
943,0,47
944,1,27
945,1,45
946,0,12
947,0,45
948,1,49
949,0,16
950,1,45
951,1,58
952,0,27
953,1,46
954,0,24
955,1,52
956,0,27
957,1,49
958,1,49
959,0,56
960,0,52
961,0,44
962,1,37
963,0,12
964,1,34
965,0,51
966,1,35
967,0,23
968,1,22
969,1,45
970,1,40
971,1,57
972,1,59
973,0,33
974,1,32
975,0,43
976,1,54
977,1,37
978,0,15
979,1,53
980,1,23
981,1,35
982,0,33
983,1,32
984,0,42
985,1,42
986,1,43
987,0,14
988,0,26
989,0,51
990,0,34
991,1,22
992,0,49
993,0,39
994,0,15
995,0,10
996,0,47
997,1,17
998,1,57
999,1,55
1000,1,36
1001,1,18
1002,1,49
1003,1,57
1004,0,33
1005,0,44
1006,0,51
1007,1,15
1008,0,45
1009,1,46
1010,1,44
1011,0,37
1012,1,24
1013,1,18
1014,0,31
1015,1,54
1016,0,31
1017,0,24
1018,0,49
1019,1,30
1020,0,58
1021,1,23
1022,0,23
1023,0,43
1024,0,20
1025,0,53
1026,1,27
1027,0,17
1028,1,13
1029,1,39
1030,0,28
1031,0,43
1032,1,28
1033,0,28
1034,0,16
1035,1,54
1036,1,28
1037,0,19
1038,1,29
1039,1,39
1040,0,50
1041,0,27
1042,1,44
1043,1,53
1044,1,29
1045,0,39
1046,0,43
1047,1,33
1048,1,29
1049,1,55
1050,1,17
1051,0,53
1052,1,52
1053,0,12
1054,1,43
1055,1,36
1056,1,42
1057,0,20
1058,0,24
1059,1,11
1060,0,15
1061,1,16
1062,1,44
1063,1,46
1064,0,51
1065,0,51
1066,0,50
1067,1,25
1068,0,36
1069,1,55
1070,1,43
1071,0,50
1072,0,14
1073,0,46
1074,0,35
1075,0,38
1076,0,53
1077,1,31
1078,1,44
1079,0,42
1080,1,49
1081,0,49
1082,1,11
1083,0,25
1084,1,55
1085,1,33
1086,1,59
1087,0,33
1088,0,33
1089,1,16
1090,1,25
1091,1,36
1092,1,24
1093,1,34
1094,1,19
1095,1,24
1096,1,44
1097,0,13
1098,0,57
1099,1,32
1100,1,35
1101,1,18
1102,0,28
1103,0,53
1104,0,54
1105,0,26
1106,1,30
1107,0,45
1108,0,18
1109,1,22
1110,0,49
1111,1,58
1112,0,54
1113,1,41
1114,1,41
1115,1,46
1116,1,33
1117,1,23
1118,0,51
1119,0,57
1120,1,46
1121,1,13
1122,1,10
1123,1,52
1124,0,38
1125,0,59
1126,1,24
1127,0,40
1128,1,36
1129,0,26
1130,0,20
1131,0,27
1132,1,13
1133,0,47
1134,0,52
1135,1,15
1136,0,11
1137,0,57
1138,0,38
1139,1,35
1140,1,25
1141,1,37
1142,0,26
1143,0,16
1144,0,28
1145,0,34
1146,1,29
1147,1,56
1148,1,48
1149,0,36
1150,0,28
1151,0,46
1152,0,40
1153,1,58
1154,1,40
1155,0,16
1156,1,39
1157,1,14
1158,0,12
1159,1,23
1160,1,22
1161,0,37
1162,1,38
1163,1,59
1164,1,59
1165,1,16
1166,0,23
1167,0,28
1168,1,22
1169,0,40
1170,1,59
1171,0,46
1172,0,45
1173,1,17
1174,0,38
1175,1,33
1176,1,16
1177,1,57
1178,0,52
1179,1,24
1180,0,20
1181,1,56
1182,1,59
1183,1,22
1184,0,56
1185,1,43
1186,0,38
1187,1,27
1188,0,45
1189,0,49
1190,0,12
1191,1,18
1192,1,37
1193,1,41
1194,0,37
1195,1,58
1196,1,48
1197,0,59
1198,1,26
1199,1,23
1200,1,16
1201,0,18
1202,1,33
1203,0,42
1204,1,49
1205,0,28
1206,1,27
1207,0,34
1208,0,52
1209,1,49
1210,0,33
1211,1,28
1212,0,42
1213,0,35
1214,1,51
1215,0,56
1216,0,33
1217,0,13
1218,0,48
1219,1,27
1220,1,31
1221,0,59
1222,1,19
1223,1,13
1224,1,45
1225,0,45
1226,0,47
1227,1,57
1228,0,43
1229,0,50
1230,0,32
1231,1,19
1232,1,23
1233,1,17
1234,1,14
1235,1,30
1236,0,26
1237,0,19
1238,0,58
1239,1,37
1240,0,12
1241,1,41
1242,1,45
1243,1,59
1244,1,52
1245,0,30
1246,1,28
1247,0,32
1248,1,20
1249,0,31
1250,1,48
1251,1,48
1252,1,36
1253,0,39
1254,1,48
1255,1,18
1256,1,31
1257,0,37
1258,1,38
1259,1,41
1260,0,12
1261,0,13
1262,1,34
1263,0,29
1264,1,30
1265,1,14
1266,1,28
1267,0,11
1268,1,27
1269,1,35
1270,0,39
1271,1,52
1272,1,40
1273,1,44
1274,0,21
1275,0,39
1276,1,33
1277,0,57
1278,1,14
1279,0,38
1280,0,23
1281,1,10
1282,1,32
1283,1,28
1284,0,50
1285,1,18
1286,1,37
1287,1,22
1288,0,39
1289,0,26
1290,1,43
1291,0,57
1292,1,32
1293,1,42
1294,0,50
1295,0,39
1296,1,12
1297,0,53
1298,0,39
1299,1,39
1300,0,30
1301,1,52
1302,1,45
1303,0,57
1304,0,41
1305,1,55
1306,0,11
1307,1,26
1308,0,22
1309,1,32
1310,1,56
1311,1,19
1312,0,36
1313,0,18
1314,0,23
1315,1,13
1316,1,56
1317,1,25
1318,1,46
1319,1,59
1320,1,43
1321,1,29
1322,0,26
1323,1,48
1324,1,24
1325,0,20
1326,1,42
1327,1,53
1328,0,45
1329,0,53
1330,1,50
1331,0,12
1332,1,33
1333,0,18
1334,1,50
1335,1,30
1336,0,56
1337,0,53
1338,0,14
1339,0,38
1340,1,21
1341,0,59
1342,0,15
1343,1,21
1344,0,26
1345,1,56
1346,0,35
1347,1,42
1348,0,15
1349,0,45
1350,0,42
1351,0,55
1352,0,26
1353,1,34
1354,1,18
1355,1,56
1356,1,59
1357,0,45
1358,0,30
1359,0,15
1360,1,36
1361,1,17
1362,0,58
1363,0,59
1364,0,22
1365,0,29
1366,0,13
1367,1,32
1368,1,51
1369,1,20
1370,1,52
1371,0,10
1372,0,57
1373,1,35
1374,1,42
1375,0,28
1376,0,52
1377,0,55
1378,1,49
1379,0,42
1380,1,40
1381,0,27
1382,1,51
1383,1,35
1384,0,20
1385,0,42
1386,0,57
1387,1,42
1388,0,15
1389,0,13
1390,1,35
1391,0,14
1392,0,59
1393,0,33
1394,1,58
1395,0,28
1396,0,21
1397,0,15
1398,0,24
1399,1,37
1400,1,36
1401,1,20
1402,0,30
1403,1,37
1404,0,55
1405,0,35
1406,1,42
1407,0,54
1408,1,36
1409,1,22
1410,1,24
1411,1,29
1412,1,18
1413,1,47
1414,1,36
1415,0,11
1416,0,34
1417,1,52
1418,0,18
1419,1,41
1420,0,15
1421,0,34
1422,1,50
1423,0,55
1424,0,21
1425,0,35
1426,0,15
1427,0,26
1428,0,39
1429,0,27
1430,1,11
1431,1,54
1432,0,16
1433,0,22
1434,0,27
1435,1,31
1436,0,27
1437,0,15
1438,0,55
1439,0,10
1440,1,10
1441,0,23
1442,0,31
1443,1,58
1444,0,16
1445,0,48
1446,0,50
1447,1,47
1448,1,59
1449,0,18
1450,1,39
1451,0,10
1452,0,55
1453,1,29
1454,1,33
1455,1,46
1456,0,21
1457,0,14
1458,0,22
1459,1,39
1460,1,17
1461,0,18
1462,1,18
1463,1,58
1464,0,40
1465,0,36
1466,1,48
1467,0,42
1468,0,18
1469,0,48
1470,1,22
1471,1,37
1472,0,41
1473,0,55
1474,0,41
1475,1,39
1476,1,40
1477,0,28
1478,1,49
1479,1,32
1480,1,16
1481,0,23
1482,1,13
1483,0,59
1484,0,20
1485,0,16
1486,1,49
1487,1,42
1488,0,54
1489,1,24
1490,0,17
1491,0,40
1492,0,40
1493,0,24
1494,1,56
1495,0,46
1496,1,22
1497,1,57
1498,0,13
1499,1,15
1500,0,29
1501,0,54
1502,1,53
1503,0,39
1504,0,48
1505,0,24
1506,0,56
1507,1,32
1508,0,16
1509,0,12
1510,0,55
1511,1,22
1512,0,23
1513,1,23
1514,0,42
1515,1,37
1516,0,19
1517,0,50
1518,0,19
1519,0,20
1520,0,28
1521,1,23
1522,1,11
1523,1,57
1524,0,33
1525,1,30
1526,1,32
1527,1,56
1528,0,56
1529,1,34
1530,1,53
1531,1,33
1532,1,54
1533,1,12
1534,0,26
1535,0,27
1536,1,36
1537,0,17
1538,0,14
1539,0,50
1540,1,28
1541,1,43
1542,1,20
1543,1,18
1544,0,14
1545,1,32
1546,1,20
1547,0,12
1548,0,17
1549,1,29
1550,0,19
1551,0,10
1552,1,22
1553,1,26
1554,1,34
1555,0,20
1556,1,14
1557,1,45
1558,1,22
1559,0,46
1560,1,43
1561,1,30
1562,0,35
1563,0,10
1564,0,55
1565,1,17
1566,1,25
1567,1,43
1568,1,49
1569,1,45
1570,0,12
1571,0,17
1572,0,11
1573,1,46
1574,1,36
1575,0,26
1576,0,16
1577,0,26
1578,0,57
1579,1,55
1580,0,46
1581,1,55
1582,0,59
1583,1,25
1584,1,34
1585,0,21
1586,1,30
1587,1,30
1588,1,46
1589,1,27
1590,0,30
1591,1,35
1592,1,22
1593,0,41
1594,0,41
1595,0,45
1596,0,21
1597,0,21
1598,1,16
1599,1,58
1600,0,11
1601,1,28
1602,0,48
1603,1,39
1604,1,32
1605,0,35
1606,0,47
1607,1,38
1608,1,22
1609,1,50
1610,0,19
1611,1,24
1612,1,38
1613,0,51
1614,0,41
1615,0,28
1616,0,11
1617,0,28
1618,0,22
1619,1,23
1620,1,28
1621,1,19
1622,0,43
1623,0,37
1624,1,26
1625,0,35
1626,0,43
1627,0,42
1628,1,25
1629,0,22
1630,0,50
1631,0,14
1632,1,37
1633,0,15
1634,0,27
1635,1,19
1636,1,30
1637,1,29
1638,1,41
1639,0,53
1640,0,11
1641,1,11
1642,0,33
1643,0,16
1644,1,46
1645,0,58
1646,0,12
1647,0,31
1648,1,18
1649,0,51
1650,1,42
1651,0,29
1652,1,59
1653,0,58
1654,0,57
1655,0,32
1656,1,41
1657,0,49
1658,0,13
1659,1,26
1660,0,17
1661,0,57
1662,1,41
1663,1,15
1664,1,17
1665,0,31
1666,1,14
1667,0,41
1668,0,47
1669,0,31
1670,0,20
1671,1,19
1672,1,25
1673,1,13
1674,1,24
1675,0,18
1676,0,11
1677,1,17
1678,0,14
1679,1,26
1680,0,19
1681,0,43
1682,0,35
1683,0,13
1684,0,28
1685,1,37
1686,1,50
1687,0,54
1688,1,28
1689,0,31
1690,0,49
1691,0,43
1692,0,49
1693,0,30
1694,1,17
1695,0,21
1696,0,50
1697,1,25
1698,0,30
1699,1,31
1700,0,44
1701,1,49
1702,1,26
1703,1,58
1704,0,15
1705,1,21
1706,1,20
1707,0,56
1708,1,39
1709,1,51
1710,1,44
1711,0,42
1712,1,21
1713,0,44
1714,1,37
1715,0,37
1716,1,25
1717,1,40
1718,1,39
1719,1,13
1720,1,19
1721,1,59
1722,1,41
1723,1,21
1724,1,14
1725,0,49
1726,1,56
1727,1,23
1728,1,48
1729,0,16
1730,0,13
1731,1,27
1732,1,50
1733,1,22
1734,1,59
1735,1,35
1736,0,50
1737,0,40
1738,1,24
1739,0,54
1740,0,58
1741,0,20
1742,1,36
1743,0,18
1744,1,28
1745,0,50
1746,1,50
1747,1,31
1748,1,17
1749,1,58
1750,1,59
1751,1,43
1752,0,39
1753,1,17
1754,0,36
1755,1,33
1756,1,27
1757,0,27
1758,1,23
1759,1,36
1760,0,26
1761,0,40
1762,1,17
1763,0,28
1764,1,14
1765,1,42
1766,1,17
1767,1,46
1768,0,16
1769,1,37
1770,1,58
1771,0,40
1772,0,48
1773,0,34
1774,1,46
1775,1,12
1776,1,37
1777,0,36
1778,1,48
1779,1,42
1780,0,35
1781,1,17
1782,0,43
1783,0,42
1784,1,15
1785,0,25
1786,0,28
1787,1,39
1788,1,22
1789,1,13
1790,0,19
1791,0,34
1792,0,10
1793,0,42
1794,1,25
1795,0,54
1796,0,23
1797,1,23
1798,0,43
1799,0,41
1800,0,52
1801,0,31
1802,1,57
1803,1,21
1804,1,17
1805,1,21
1806,0,41
1807,0,18
1808,1,14
1809,0,56
1810,1,20
1811,1,31
1812,1,26
1813,0,14
1814,1,54
1815,1,56
1816,1,31
1817,0,34
1818,1,26
1819,1,47
1820,0,20
1821,0,41
1822,0,45
1823,1,40
1824,0,33
1825,0,30
1826,0,50
1827,0,17
1828,0,36
1829,1,50
1830,1,19
1831,0,34
1832,0,49
1833,1,11
1834,1,51
1835,1,32
1836,1,20
1837,1,42
1838,1,21
1839,1,45
1840,0,16
1841,1,14
1842,1,53
1843,1,44
1844,1,52
1845,1,16
1846,0,46
1847,1,46
1848,0,35
1849,0,17
1850,0,40
1851,1,20
1852,1,45
1853,1,45
1854,0,47
1855,1,39
1856,0,57
1857,1,10
1858,0,14
1859,0,15
1860,1,19
1861,0,53
1862,1,34
1863,1,47
1864,0,34
1865,1,52
1866,0,30
1867,0,21
1868,0,22
1869,0,59
1870,0,16
1871,1,20
1872,1,28
1873,0,55
1874,1,14
1875,0,54
1876,1,45
1877,1,28
1878,1,57
1879,1,24
1880,0,27
1881,1,27
1882,1,53
1883,1,11
1884,0,11
1885,0,59
1886,0,19
1887,1,49
1888,1,53
1889,1,50
1890,1,32
1891,1,40
1892,0,46
1893,0,23
1894,0,26
1895,0,41
1896,0,37
1897,1,23
1898,1,53
1899,1,14
1900,1,34
1901,1,59
1902,1,10
1903,0,10
1904,0,59
1905,1,28
1906,0,42
1907,0,27
1908,0,10
1909,1,27
1910,1,25
1911,0,46
1912,0,52
1913,1,13
1914,0,44
1915,1,22
1916,1,27
1917,0,40
1918,0,38
1919,0,29
1920,0,43
1921,1,24
1922,0,38
1923,1,34
1924,1,57
1925,1,46
1926,1,14
1927,1,24
1928,0,17
1929,1,18
1930,1,50
1931,0,39
1932,1,14
1933,1,14
1934,1,46
1935,0,39
1936,1,11
1937,1,47
1938,1,17
1939,0,26
1940,1,52
1941,0,52
1942,1,34
1943,0,14
1944,0,34
1945,0,20
1946,0,17
1947,0,59
1948,1,58
1949,0,38
1950,1,41
1951,0,33
1952,0,49
1953,0,31
1954,0,32
1955,1,40
1956,1,53
1957,0,10
1958,1,42
1959,1,55
1960,1,34
1961,1,30
1962,1,53
1963,1,44
1964,0,59
1965,1,48
1966,0,53
1967,0,24
1968,1,16
1969,0,40
1970,0,41
1971,1,32
1972,1,10
1973,1,20
1974,0,13
1975,0,27
1976,0,10
1977,0,10
1978,0,58
1979,0,21
1980,1,25
1981,1,57
1982,1,27
1983,1,23
1984,1,57
1985,0,54
1986,0,58
1987,0,55
1988,0,11
1989,1,41
1990,0,32
1991,0,42
1992,1,48
1993,1,50
1994,1,19
1995,1,26
1996,1,50
1997,0,47
1998,0,45
1999,0,42
2000,1,36
2001,1,57
2002,1,47
2003,0,46
2004,0,45
2005,1,54
2006,1,20
2007,0,35
2008,0,22
2009,0,17
2010,0,49
2011,0,19
2012,1,12
2013,0,41
2014,0,10
2015,0,19
2016,1,55
2017,1,18
2018,0,59
2019,0,20
2020,0,20
2021,0,22
2022,1,53
2023,1,58
2024,1,40
2025,0,34
2026,0,45
2027,0,52
2028,0,59
2029,1,29
2030,0,27
2031,1,31
2032,0,55
2033,1,43
2034,1,41
2035,0,24
2036,0,32
2037,1,34
2038,1,17
2039,0,53
2040,0,28
2041,1,34
2042,1,46
2043,0,10
2044,0,56
2045,0,57
2046,1,14
2047,1,55
2048,1,57
2049,1,27
2050,1,23
2051,0,26
2052,0,50
2053,0,39
2054,1,52
2055,1,28
2056,1,48
2057,0,52
2058,0,54
2059,0,15
2060,1,15
2061,0,59
2062,1,36
2063,1,46
2064,1,21
2065,1,19
2066,1,45
2067,0,32
2068,0,25
2069,1,36
2070,0,35
2071,1,39
2072,1,59
2073,1,26
2074,1,40
2075,1,29
2076,1,28
2077,0,10
2078,1,15
2079,1,43
2080,1,20
2081,0,27
2082,0,53
2083,1,23
2084,1,32
2085,0,55
2086,1,26
2087,0,42
2088,0,43
2089,1,37
2090,0,24
2091,1,57
2092,1,44
2093,1,22
2094,1,57
2095,0,16
2096,1,45
2097,1,11
2098,0,10
2099,0,31
2100,1,10
2101,0,35
2102,0,27
2103,0,47
2104,0,17
2105,0,40
2106,0,43
2107,0,20
2108,1,45
2109,0,46
2110,0,11
2111,0,52
2112,1,39
2113,1,23
2114,0,25
2115,0,29
2116,1,24
2117,1,45
2118,0,10
2119,0,55
2120,0,11
2121,1,57
2122,1,32
2123,1,40
2124,1,12
2125,0,39
2126,1,49
2127,0,56
2128,1,53
2129,1,35
2130,1,42
2131,1,27
2132,1,13
2133,0,41
2134,0,56
2135,0,37
2136,1,49
2137,0,45
2138,0,11
2139,1,30
2140,1,17
2141,1,34
2142,1,38
2143,1,28
2144,1,27
2145,0,37
2146,0,41
2147,0,36
2148,0,26
2149,1,21
2150,0,13
2151,1,35
2152,1,15
2153,1,32
2154,1,52
2155,0,40
2156,1,21
2157,0,39
2158,0,53
2159,1,33
2160,0,18
2161,1,10
2162,0,15
2163,0,28
2164,1,23
2165,0,49
2166,1,17
2167,1,16
2168,0,11
2169,0,38
2170,0,49
2171,1,54
2172,1,27
2173,1,49
2174,1,21
2175,0,39
2176,0,30
2177,1,47
2178,0,27
2179,0,18
2180,1,47
2181,1,57
2182,0,46
2183,1,14
2184,1,33
2185,1,46
2186,0,20
2187,1,22
2188,1,38
2189,0,17
2190,0,11
2191,0,58
2192,1,39
2193,1,29
2194,1,41
2195,0,20
2196,0,20
2197,1,26
2198,0,51
2199,0,15
2200,0,56
2201,1,22
2202,1,23
2203,0,49
2204,0,20
2205,0,50
2206,1,23
2207,1,34
2208,1,48
2209,0,59
2210,1,56
2211,1,35
2212,1,31
2213,1,46
2214,0,56
2215,0,45
2216,1,18
2217,0,50
2218,0,30
2219,1,35
2220,0,12
2221,0,27
2222,1,48
2223,1,49
2224,1,20
2225,0,41
2226,0,19
2227,0,45
2228,0,58
2229,0,34
2230,1,12
2231,0,23
2232,0,49
2233,1,15
2234,0,52
2235,1,24
2236,1,39
2237,0,37
2238,0,14
2239,0,27
2240,0,15
2241,0,32
2242,1,36
2243,0,51
2244,1,40
2245,1,16
2246,1,43
2247,0,28
2248,0,38
2249,1,57
2250,1,32
2251,0,47
2252,1,48
2253,0,46
2254,1,28
2255,1,15
2256,1,48
2257,1,42
2258,1,43
2259,1,38
2260,1,51
2261,0,25
2262,1,37
2263,0,11
2264,1,25
2265,1,17
2266,0,36
2267,0,50
2268,1,19
2269,0,14
2270,0,55
2271,1,33
2272,1,26
2273,1,31
2274,0,38
2275,0,26
2276,0,20
2277,0,58
2278,0,36
2279,1,45
2280,1,59
2281,1,45
2282,1,11
2283,0,37
2284,1,59
2285,1,24
2286,0,45
2287,0,16
2288,0,28
2289,0,55
2290,0,46
2291,0,48
2292,1,18
2293,0,49
2294,1,51
2295,1,33
2296,0,34
2297,1,29
2298,1,58
2299,0,40
2300,0,44
2301,1,16
2302,1,29
2303,1,26
2304,1,28
2305,0,21
2306,1,31
2307,1,25
2308,1,50
2309,0,13
2310,1,52
2311,0,13
2312,1,32
2313,0,16
2314,0,23
2315,0,34
2316,1,14
2317,1,11
2318,0,30
2319,0,13
2320,0,48
2321,1,50
2322,0,34
2323,1,54
2324,1,38
2325,1,54
2326,1,16
2327,0,16
2328,0,37
2329,1,56
2330,0,29
2331,0,14
2332,1,53
2333,1,24
2334,0,10
2335,1,59
2336,0,21
2337,1,41
2338,1,13
2339,0,37
2340,1,12
2341,1,42
2342,1,56
2343,1,36
2344,1,57
2345,0,14
2346,0,10
2347,1,13
2348,0,31
2349,1,38
2350,0,40
2351,1,46
2352,0,35
2353,0,49
2354,1,15
2355,1,25
2356,0,25
2357,0,36
2358,1,20
2359,1,37
2360,0,35
2361,0,28
2362,1,42
2363,0,58
2364,1,21
2365,1,35
2366,1,18
2367,0,35
2368,1,35
2369,0,43
2370,0,34
2371,1,48
2372,0,16
2373,1,18
2374,1,21
2375,0,28
2376,1,58
2377,0,51
2378,0,47
2379,1,57
2380,1,21
2381,1,39
2382,1,26
2383,0,19
2384,1,17
2385,0,31
2386,1,47
2387,1,48
2388,1,16
2389,1,28
2390,0,28
2391,0,19
2392,0,54
2393,0,22
2394,0,25
2395,0,32
2396,0,22
2397,1,38
2398,0,30
2399,0,48
2400,0,37
2401,0,19
2402,1,16
2403,0,56
2404,1,18
2405,0,27
2406,0,12
2407,1,27
2408,0,20
2409,0,38
2410,0,57
2411,0,11
2412,0,32
2413,0,10
2414,0,37
2415,1,46
2416,1,31
2417,1,28
2418,0,41
2419,0,31
2420,0,15
2421,0,26
2422,0,23
2423,0,33
2424,0,58
2425,0,43
2426,1,45
2427,1,58
2428,0,45
2429,0,32
2430,1,34
2431,0,15
2432,1,50
2433,1,58
2434,1,31
2435,1,31
2436,0,52
2437,0,31
2438,1,54
2439,1,40
2440,1,55
2441,1,17
2442,1,49
2443,1,46
2444,0,58
2445,1,25
2446,0,24
2447,0,37
2448,1,22
2449,0,52
2450,1,42
2451,1,40
2452,1,16
2453,1,46
2454,1,55
2455,1,44
2456,1,10
2457,0,33
2458,0,50
2459,0,52
2460,1,38
2461,1,10
2462,0,41
2463,1,55
2464,1,27
2465,0,31
2466,1,58
2467,0,57
2468,0,23
2469,0,46
2470,0,44
2471,1,48
2472,1,42
2473,1,40
2474,1,47
2475,0,25
2476,0,48
2477,0,50
2478,1,14
2479,0,57
2480,1,40
2481,1,44
2482,0,17
2483,1,46
2484,0,44
2485,0,32
2486,1,37
2487,0,32
2488,1,13
2489,0,54
2490,1,19
2491,1,22
2492,1,32
2493,0,10
2494,0,33
2495,1,57
2496,1,29
2497,1,14
2498,0,30
2499,1,28
2500,0,16
2501,0,21
2502,0,21
2503,0,52
2504,1,18
2505,1,23
2506,1,39
2507,0,12
2508,0,22
2509,0,33
2510,0,29
2511,1,12
2512,1,10
2513,1,29
2514,0,58
2515,0,22
2516,1,10
2517,0,42
2518,1,42
2519,0,59
2520,1,48
2521,1,13
2522,0,46
2523,1,52
2524,1,13
2525,0,37
2526,0,31
2527,1,32
2528,0,16
2529,0,59
2530,0,27
2531,0,19
2532,1,49
2533,1,16
2534,1,57
2535,0,18
2536,0,44
2537,0,51
2538,0,26
2539,1,35
2540,0,22
2541,1,18
2542,1,28
2543,0,53
2544,0,59
2545,0,35
2546,0,11
2547,1,33
2548,1,10
2549,1,45
2550,1,16
2551,0,38
2552,0,56
2553,1,36
2554,0,53
2555,1,27
2556,1,35
2557,0,59
2558,0,41
2559,0,31
2560,1,23
2561,1,41
2562,0,56
2563,1,58
2564,0,15
2565,1,10
2566,0,46
2567,1,55
2568,1,20
2569,1,19
2570,1,26
2571,1,31
2572,1,57
2573,1,23
2574,0,24
2575,0,31
2576,0,14
2577,1,26
2578,1,51
2579,1,24
2580,1,33
2581,0,32
2582,1,40
2583,0,11
2584,1,13
2585,0,28
2586,1,21
2587,0,16
2588,0,52
2589,1,40
2590,1,27
2591,1,10
2592,1,54
2593,1,54
2594,0,48
2595,1,52
2596,0,26
2597,1,52
2598,1,50
2599,1,50
2600,1,18
2601,1,55
2602,0,59
2603,1,14
2604,1,20
2605,1,31
2606,1,44
2607,1,46
2608,1,20
2609,0,46
2610,0,23
2611,0,19
2612,1,44
2613,0,50
2614,1,24
2615,0,22
2616,0,29
2617,1,36
2618,1,32
2619,0,57
2620,1,53
2621,0,31
2622,1,14
2623,1,26
2624,0,23
2625,1,50
2626,1,53
2627,0,33
2628,0,14
2629,0,54
2630,1,25
2631,0,57
2632,1,20
2633,1,20
2634,0,17
2635,1,42
2636,1,26
2637,0,13
2638,0,15
2639,0,58
2640,1,16
2641,0,23
2642,0,32
2643,1,43
2644,0,18
2645,1,40
2646,0,12
2647,0,45
2648,0,50
2649,1,23
2650,0,45
2651,1,23
2652,0,32
2653,0,38
2654,0,44
2655,0,55
2656,1,37
2657,1,17
2658,1,12
2659,1,17
2660,0,39
2661,0,38
2662,0,32
2663,0,56
2664,1,55
2665,0,57
2666,1,49
2667,1,23
2668,1,22
2669,1,40
2670,0,54
2671,1,38
2672,1,29
2673,0,17
2674,0,51
2675,0,18
2676,1,52
2677,0,36
2678,0,54
2679,0,52
2680,1,40
2681,1,54
2682,1,53
2683,0,12
2684,0,28
2685,0,55
2686,0,15
2687,1,43
2688,0,55
2689,1,48
2690,1,52
2691,0,16
2692,1,10
2693,0,13
2694,1,45
2695,0,30
2696,0,49
2697,1,52
2698,0,46
2699,0,42
2700,1,52
2701,0,39
2702,1,30
2703,0,55
2704,1,17
2705,1,58
2706,0,12
2707,0,20
2708,0,36
2709,0,46
2710,0,46
2711,0,59
2712,0,39
2713,0,36
2714,0,16
2715,1,22
2716,1,33
2717,0,18
2718,0,19
2719,0,54
2720,1,16
2721,0,59
2722,1,42
2723,1,26
2724,0,15
2725,0,25
2726,0,11
2727,1,45
2728,1,33
2729,1,50
2730,0,26
2731,0,12
2732,0,47
2733,0,13
2734,1,59
2735,1,35
2736,0,21
2737,0,56
2738,0,29
2739,0,44
2740,0,32
2741,0,51
2742,1,52
2743,1,27
2744,0,52
2745,1,34
2746,1,52
2747,0,23
2748,0,46
2749,1,17
2750,1,26
2751,0,59
2752,1,34
2753,0,19
2754,0,29
2755,1,21
2756,1,55
2757,1,11
2758,1,37
2759,1,26
2760,1,37
2761,0,55
2762,1,12
2763,1,42
2764,0,30
2765,1,20
2766,0,40
2767,1,59
2768,0,19
2769,0,52
2770,1,37
2771,0,32
2772,1,34
2773,1,13
2774,0,21
2775,1,38
2776,0,17
2777,0,39
2778,1,29
2779,0,10
2780,1,58
2781,0,56
2782,1,48
2783,0,35
2784,1,21
2785,0,42
2786,0,27
2787,0,39
2788,1,27
2789,1,45
2790,1,53
2791,1,42
2792,1,31
2793,0,55
2794,1,26
2795,1,51
2796,1,12
2797,0,53
2798,1,16
2799,0,50
2800,1,19
2801,1,27
2802,0,52
2803,1,55
2804,0,30
2805,1,16
2806,0,51
2807,1,31
2808,0,19
2809,1,25
2810,1,49
2811,0,12
2812,0,33
2813,1,37
2814,1,45
2815,1,54
2816,0,20
2817,0,21
2818,0,24
2819,0,29
2820,1,51
2821,1,47
2822,1,45
2823,1,50
2824,1,13
2825,0,53
2826,1,40
2827,0,41
2828,0,16
2829,0,37
2830,0,22
2831,0,21
2832,0,48
2833,0,17
2834,1,22
2835,1,47
2836,0,20
2837,1,16
2838,0,40
2839,0,30
2840,0,34
2841,0,43
2842,1,14
2843,1,39
2844,1,27
2845,1,45
2846,0,26
2847,1,12
2848,1,33
2849,1,44
2850,1,13
2851,0,25
2852,1,34
2853,1,11
2854,1,33
2855,1,47
2856,0,21
2857,1,45
2858,0,57
2859,1,21
2860,1,22
2861,1,49
2862,1,26
2863,0,59
2864,0,57
2865,0,21
2866,0,47
2867,0,11
2868,0,10
2869,1,42
2870,0,18
2871,0,51
2872,0,42
2873,1,32
2874,0,32
2875,0,16
2876,1,16
2877,0,34
2878,0,34
2879,0,30
2880,1,38
2881,0,36
2882,1,23
2883,0,16
2884,1,34
2885,0,28
2886,1,17
2887,1,14
2888,0,32
2889,0,19
2890,1,44
2891,1,39
2892,1,33
2893,0,58
2894,0,26
2895,1,34
2896,0,48
2897,1,53
2898,0,44
2899,0,57
2900,0,31
2901,0,26
2902,0,25
2903,0,37
2904,1,14
2905,1,55
2906,1,56
2907,1,23
2908,0,22
2909,1,37
2910,1,46
2911,0,12
2912,1,38
2913,1,50
2914,1,27
2915,1,40
2916,1,44
2917,1,40
2918,1,34
2919,0,16
2920,0,51
2921,0,26
2922,1,38
2923,1,10
2924,1,46
2925,0,23
2926,1,21
2927,1,50
2928,1,52
2929,1,59
2930,1,19
2931,1,59
2932,1,34
2933,0,39
2934,0,42
2935,1,18
2936,1,22
2937,0,22
2938,1,18
2939,0,15
2940,1,47
2941,1,23
2942,0,14
2943,1,43
2944,0,38
2945,0,51
2946,0,11
2947,0,20
2948,0,40
2949,1,26
2950,0,59
2951,1,51
2952,1,42
2953,0,10
2954,0,43
2955,1,10
2956,1,20
2957,0,42
2958,1,33
2959,0,14
2960,1,16
2961,0,18
2962,0,34
2963,1,58
2964,1,28
2965,0,18
2966,0,16
2967,1,50
2968,1,43
2969,0,14
2970,1,27
2971,1,44
2972,0,18
2973,0,47
2974,0,46
2975,0,17
2976,1,24
2977,1,44
2978,0,25
2979,1,31
2980,0,20
2981,0,33
2982,0,23
2983,0,47
2984,1,20
2985,0,31
2986,0,45
2987,1,17
2988,1,56
2989,1,26
2990,1,44
2991,1,11
2992,0,48
2993,0,58
2994,0,48
2995,0,14
2996,0,14
2997,0,55
2998,0,18
2999,0,59
3000,0,41
3001,1,23
3002,1,57
3003,1,46
3004,1,10
3005,0,21
3006,1,43
3007,0,18
3008,1,54
3009,1,16
3010,1,28
3011,0,55
3012,1,22
3013,1,58
3014,0,14
3015,0,35
3016,1,38
3017,0,38
3018,0,25
3019,0,49
3020,1,55
3021,0,17
3022,0,23
3023,1,57
3024,1,57
3025,0,54
3026,1,33
3027,1,45
3028,1,41
3029,1,47
3030,1,13
3031,1,24
3032,0,52
3033,1,56
3034,0,54
3035,0,30
3036,0,45
3037,0,37
3038,1,49
3039,0,57
3040,1,58
3041,1,10
3042,0,24
3043,1,50
3044,0,17
3045,0,14
3046,0,21
3047,0,19
3048,1,13
3049,0,53
3050,1,29
3051,0,13
3052,1,35
3053,1,14
3054,0,19
3055,1,34
3056,0,27
3057,0,29
3058,1,11
3059,1,32
3060,0,33
3061,1,53
3062,0,51
3063,1,33
3064,1,15
3065,1,34
3066,0,50
3067,1,50
3068,0,58
3069,0,29
3070,0,15
3071,1,15
3072,1,43
3073,1,42
3074,1,43
3075,0,12
3076,1,55
3077,1,26
3078,0,58
3079,1,34
3080,1,14
3081,0,20
3082,1,51
3083,0,35
3084,1,40
3085,1,25
3086,1,13
3087,1,21
3088,0,50
3089,0,36
3090,0,20
3091,0,12
3092,0,14
3093,0,21
3094,0,19
3095,1,59
3096,0,30
3097,0,53
3098,0,58
3099,1,35
3100,0,59
3101,0,56
3102,0,25
3103,1,13
3104,0,21
3105,0,24
3106,1,37
3107,0,14
3108,0,12
3109,0,41
3110,0,46
3111,1,57
3112,0,33
3113,0,40
3114,1,46
3115,0,42
3116,0,57
3117,1,23
3118,0,35
3119,1,46
3120,0,33
3121,1,27
3122,0,52
3123,1,24
3124,1,44
3125,0,25
3126,1,32
3127,0,15
3128,1,57
3129,1,59
3130,0,44
3131,0,56
3132,1,40
3133,0,38
3134,0,38
3135,1,55
3136,1,21
3137,0,48
3138,1,12
3139,0,57
3140,0,26
3141,1,28
3142,1,33
3143,0,20
3144,0,38
3145,1,39
3146,1,12
3147,1,23
3148,1,23
3149,1,57
3150,0,27
3151,0,17
3152,1,33
3153,0,33
3154,1,55
3155,0,24
3156,1,56
3157,1,31
3158,0,52
3159,0,50
3160,1,57
3161,0,55
3162,0,56
3163,0,52
3164,1,27
3165,1,35
3166,0,12
3167,0,11
3168,0,54
3169,0,37
3170,0,24
3171,0,21
3172,1,51
3173,0,59
3174,1,23
3175,1,46
3176,0,51
3177,0,19
3178,0,21
3179,0,58
3180,1,42
3181,0,41
3182,0,33
3183,1,59
3184,1,39
3185,1,29
3186,0,48
3187,0,24
3188,1,47
3189,0,57
3190,0,25
3191,1,34
3192,1,12
3193,1,27
3194,0,30
3195,1,11
3196,0,55
3197,1,30
3198,1,56
3199,1,30
3200,1,44
3201,1,19
3202,1,10
3203,1,19
3204,0,26
3205,0,26
3206,0,16
3207,0,56
3208,0,58
3209,0,50
3210,1,31
3211,0,52
3212,0,53
3213,0,43
3214,0,25
3215,0,37
3216,0,42
3217,1,21
3218,1,24
3219,1,34
3220,1,29
3221,0,26
3222,0,50
3223,0,49
3224,1,44
3225,1,11
3226,1,24
3227,0,48
3228,0,34
3229,1,57
3230,1,39
3231,0,11
3232,0,13
3233,1,13
3234,1,19
3235,0,42
3236,1,41
3237,0,13
3238,0,56
3239,0,15
3240,1,24
3241,0,59
3242,1,52
3243,1,29
3244,1,40
3245,0,33
3246,1,25
3247,0,41
3248,1,35
3249,1,44
3250,1,19
3251,0,16
3252,0,47
3253,0,21
3254,1,30
3255,1,46
3256,1,27
3257,1,11
3258,1,17
3259,1,47
3260,1,23
3261,1,14
3262,0,32
3263,0,24
3264,1,51
3265,1,34
3266,1,32
3267,0,35
3268,0,20
3269,1,26
3270,0,23
3271,1,32
3272,1,13
3273,1,26
3274,0,48
3275,1,25
3276,0,19
3277,1,30
3278,1,52
3279,0,54
3280,0,28
3281,1,16
3282,1,34
3283,1,21
3284,0,38
3285,0,27
3286,0,24
3287,0,17
3288,0,58
3289,0,24
3290,1,21
3291,0,44
3292,0,19
3293,0,53
3294,1,23
3295,1,16
3296,0,22
3297,1,20
3298,0,59
3299,1,11
3300,0,10
3301,0,18
3302,1,41
3303,1,42
3304,1,17
3305,1,50
3306,0,22
3307,0,14
3308,0,21
3309,0,22
3310,0,11
3311,1,11
3312,0,30
3313,0,59
3314,1,52
3315,1,46
3316,0,40
3317,1,51
3318,0,13
3319,1,34
3320,0,35
3321,0,30
3322,0,34
3323,1,29
3324,1,47
3325,0,55
3326,1,29
3327,1,21
3328,1,21
3329,0,25
3330,0,18
3331,1,18
3332,0,58
3333,0,57
3334,0,12
3335,0,47
3336,1,36
3337,0,46
3338,0,22
3339,1,27
3340,0,59
3341,1,20
3342,1,21
3343,1,57
3344,1,58
3345,1,28
3346,0,21
3347,1,44
3348,0,31
3349,0,29
3350,0,57
3351,0,34
3352,0,15
3353,1,57
3354,1,57
3355,0,46
3356,0,46
3357,1,25
3358,0,47
3359,0,30
3360,1,25
3361,0,39
3362,0,51
3363,1,20
3364,1,36
3365,0,29
3366,1,32
3367,0,12
3368,1,47
3369,1,11
3370,0,25
3371,1,19
3372,1,26
3373,1,42
3374,0,58
3375,1,12
3376,0,42
3377,0,34
3378,1,58
3379,0,14
3380,1,23
3381,0,27
3382,1,18
3383,0,30
3384,0,15
3385,1,37
3386,1,49
3387,0,40
3388,0,34
3389,0,51
3390,1,59
3391,0,44
3392,1,40
3393,0,29
3394,1,54
3395,1,55
3396,1,34
3397,1,31
3398,1,26
3399,0,21
3400,0,13
3401,1,58
3402,0,28
3403,0,37
3404,0,43
3405,0,36
3406,0,56
3407,0,12
3408,0,18
3409,0,26
3410,0,10
3411,0,59
3412,0,35
3413,0,12
3414,0,45
3415,1,57
3416,1,25
3417,0,33
3418,1,23
3419,1,52
3420,1,59
3421,1,48
3422,1,52
3423,0,48
3424,1,41
3425,1,32
3426,0,34
3427,0,22
3428,0,23
3429,1,28
3430,1,37
3431,1,35
3432,1,47
3433,1,54
3434,0,20
3435,1,26
3436,1,14
3437,1,29
3438,0,33
3439,0,56
3440,0,45
3441,1,22
3442,0,20
3443,0,18
3444,1,39
3445,0,15
3446,1,56
3447,0,32
3448,0,28
3449,1,12
3450,0,11
3451,1,57
3452,1,30
3453,1,28
3454,1,19
3455,1,14
3456,1,27
3457,1,10
3458,0,31
3459,1,44
3460,0,34
3461,0,49
3462,0,45
3463,1,52
3464,0,50
3465,0,27
3466,0,55
3467,0,40
3468,0,44
3469,1,18
3470,0,30
3471,0,19
3472,1,14
3473,1,27
3474,0,44
3475,1,49
3476,1,18
3477,0,49
3478,1,59
3479,1,54
3480,0,24
3481,0,31
3482,0,32
3483,1,41
3484,1,34
3485,1,59
3486,0,39
3487,0,11
3488,0,12
3489,0,33
3490,0,34
3491,0,56
3492,1,43
3493,0,54
3494,0,37
3495,0,44
3496,0,41
3497,0,31
3498,1,28
3499,0,32
3500,0,14
3501,1,28
3502,0,29
3503,1,52
3504,0,18
3505,1,52
3506,0,20
3507,0,50
3508,1,41
3509,1,17
3510,0,55
3511,1,15
3512,1,15
3513,0,56
3514,1,45
3515,0,59
3516,1,40
3517,0,50
3518,1,42
3519,1,30
3520,1,22
3521,0,57
3522,0,53
3523,1,46
3524,1,30
3525,1,11
3526,0,12
3527,1,51
3528,1,46
3529,1,12
3530,1,14
3531,0,45
3532,1,23
3533,0,35
3534,1,30
3535,0,14
3536,1,41
3537,1,49
3538,1,51
3539,1,29
3540,0,17
3541,0,39
3542,1,22
3543,1,25
3544,0,51
3545,0,46
3546,0,53
3547,0,32
3548,0,15
3549,0,48
3550,0,21
3551,0,12
3552,0,28
3553,1,12
3554,0,40
3555,1,44
3556,0,19
3557,0,34
3558,1,37
3559,1,11
3560,0,57
3561,0,25
3562,1,39
3563,1,33
3564,1,13
3565,0,50
3566,1,22
3567,0,36
3568,0,58
3569,1,20
3570,0,34
3571,1,34
3572,0,11
3573,1,42
3574,1,22
3575,1,51
3576,1,16
3577,0,57
3578,1,33
3579,1,13
3580,0,11
3581,1,55
3582,1,43
3583,1,58
3584,0,35
3585,0,19
3586,1,14
3587,1,41
3588,1,39
3589,0,38
3590,1,14
3591,1,15
3592,0,41
3593,1,47
3594,0,40
3595,0,40
3596,1,46
3597,0,23
3598,0,46
3599,1,26
3600,0,45
3601,0,44
3602,1,23
3603,1,36
3604,1,11
3605,0,11
3606,1,53
3607,1,38
3608,1,50
3609,0,20
3610,0,37
3611,1,32
3612,0,43
3613,0,42
3614,0,38
3615,0,12
3616,1,46
3617,1,51
3618,1,13
3619,1,47
3620,0,26
3621,1,35
3622,1,20
3623,0,36
3624,1,41
3625,1,10
3626,1,45
3627,0,58
3628,0,22
3629,1,38
3630,0,37
3631,0,10
3632,1,29
3633,1,58
3634,0,59
3635,1,43
3636,1,10
3637,0,58
3638,0,22
3639,1,55
3640,0,19
3641,0,43
3642,0,34
3643,0,54
3644,1,26
3645,0,26
3646,1,20
3647,0,32
3648,1,25
3649,1,23
3650,1,11
3651,0,27
3652,0,49
3653,1,19
3654,1,47
3655,0,51
3656,0,36
3657,1,36
3658,1,20
3659,0,42
3660,0,17
3661,1,25
3662,1,29
3663,1,19
3664,1,48
3665,0,26
3666,1,31
3667,1,28
3668,0,17
3669,1,41
3670,0,48
3671,0,13
3672,0,50
3673,0,14
3674,1,32
3675,1,47
3676,1,55
3677,1,42
3678,1,26
3679,0,46
3680,1,18
3681,1,59
3682,0,21
3683,0,31
3684,1,22
3685,0,43
3686,0,51
3687,1,11
3688,1,55
3689,1,54
3690,0,57
3691,1,51
3692,0,52
3693,1,38
3694,0,11
3695,1,56
3696,1,43
3697,1,30
3698,1,21
3699,0,18
3700,0,14
3701,0,22
3702,1,21
3703,0,12
3704,0,42
3705,0,57
3706,1,19
3707,1,59
3708,1,47
3709,0,59
3710,0,36
3711,1,57
3712,1,59
3713,1,43
3714,0,22
3715,0,22
3716,1,27
3717,1,24
3718,1,54
3719,0,54
3720,0,36
3721,0,27
3722,1,47
3723,1,51
3724,1,47
3725,0,53
3726,0,21
3727,1,25
3728,0,15
3729,0,52
3730,0,55
3731,0,13
3732,1,15
3733,0,32
3734,0,51
3735,0,50
3736,1,41
3737,1,14
3738,0,17
3739,0,52
3740,0,18
3741,1,34
3742,1,23
3743,1,30
3744,1,54
3745,1,35
3746,0,19
3747,1,52
3748,0,16
3749,0,11
3750,1,17
3751,1,52
3752,0,10
3753,1,41
3754,0,13
3755,1,56
3756,0,58
3757,1,18
3758,1,14
3759,0,34
3760,0,12
3761,1,40
3762,1,32
3763,0,51
3764,1,55
3765,1,53
3766,1,59
3767,0,53
3768,0,43
3769,0,40
3770,1,10
3771,1,55
3772,1,19
3773,0,18
3774,1,54
3775,1,13
3776,0,38
3777,1,36
3778,1,15
3779,0,26
3780,1,21
3781,1,41
3782,0,11
3783,1,29
3784,0,25
3785,0,12
3786,0,22
3787,1,56
3788,1,27
3789,0,53
3790,1,54
3791,1,33
3792,1,56
3793,0,11
3794,0,56
3795,1,49
3796,1,23
3797,1,20
3798,0,56
3799,1,48
3800,1,55
3801,0,15
3802,0,52
3803,1,59
3804,1,32
3805,1,26
3806,0,22
3807,0,14
3808,1,15
3809,0,45
3810,1,54
3811,1,54
3812,1,44
3813,0,31
3814,0,14
3815,1,28
3816,0,26
3817,0,32
3818,0,52
3819,1,15
3820,1,47
3821,1,56
3822,1,13
3823,0,26
3824,1,21
3825,0,42
3826,1,43
3827,0,26
3828,0,52
3829,1,20
3830,0,17
3831,1,12
3832,1,56
3833,0,41
3834,0,19
3835,0,51
3836,0,37
3837,1,10
3838,1,52
3839,1,42
3840,0,45
3841,1,31
3842,0,48
3843,1,13
3844,1,14
3845,1,56
3846,0,19
3847,1,24
3848,0,20
3849,1,46
3850,1,13
3851,0,49
3852,1,25
3853,1,30
3854,0,39
3855,1,51
3856,0,43
3857,1,41
3858,1,14
3859,0,20
3860,1,17
3861,1,50
3862,0,57
3863,1,36
3864,0,48
3865,1,10
3866,0,22
3867,0,15
3868,1,23
3869,1,25
3870,1,52
3871,0,54
3872,1,31
3873,1,47
3874,1,44
3875,1,43
3876,0,43
3877,0,35
3878,0,32
3879,1,41
3880,0,49
3881,0,54
3882,0,37
3883,1,19
3884,0,40
3885,1,28
3886,1,47
3887,0,45
3888,1,25
3889,1,36
3890,0,56
3891,1,16
3892,1,17
3893,1,26
3894,0,22
3895,1,44
3896,0,32
3897,0,59
3898,1,27
3899,0,33
3900,0,32
3901,1,40
3902,0,28
3903,0,48
3904,0,45
3905,1,17
3906,0,37
3907,1,14
3908,1,56
3909,0,55
3910,1,49
3911,0,15
3912,0,32
3913,1,56
3914,1,42
3915,1,26
3916,0,41
3917,1,33
3918,0,23
3919,0,11
3920,1,24
3921,0,55
3922,1,17
3923,0,42
3924,1,27
3925,1,14
3926,1,34
3927,0,50
3928,0,14
3929,1,34
3930,0,24
3931,0,45
3932,0,27
3933,1,10
3934,0,52
3935,0,27
3936,1,36
3937,1,26
3938,0,23
3939,1,42
3940,0,33
3941,0,57
3942,1,36
3943,0,44
3944,0,14
3945,1,31
3946,0,36
3947,0,22
3948,0,42
3949,0,47
3950,1,40
3951,0,40
3952,0,31
3953,1,14
3954,1,43
3955,0,45
3956,1,29
3957,1,49
3958,1,24
3959,1,25
3960,0,13
3961,1,24
3962,1,52
3963,1,58
3964,0,53
3965,0,38
3966,0,57
3967,0,25
3968,0,50
3969,0,58
3970,0,53
3971,1,51
3972,0,40
3973,1,28
3974,1,31
3975,1,54
3976,0,27
3977,1,33
3978,1,18
3979,1,25
3980,0,19
3981,1,33
3982,0,49
3983,0,58
3984,1,39
3985,1,17
3986,0,25
3987,1,17
3988,0,51
3989,1,38
3990,0,12
3991,1,23
3992,1,21
3993,1,12
3994,0,12
3995,1,18
3996,0,57
3997,0,41
3998,0,19
3999,0,44
4000,0,27
4001,0,46
4002,1,11
4003,0,23
4004,0,36
4005,0,10
4006,1,56
4007,1,48
4008,0,10
4009,1,19
4010,0,39
4011,0,29
4012,0,30
4013,0,59
4014,0,30
4015,0,19
4016,0,15
4017,0,56
4018,0,50
4019,1,41
4020,0,50
4021,1,16
4022,0,38
4023,1,45
4024,0,54
4025,0,55
4026,0,15
4027,0,36
4028,1,31
4029,1,15
4030,0,28
4031,1,25
4032,1,36
4033,0,21
4034,1,47
4035,0,22
4036,0,28
4037,0,29
4038,0,51
4039,0,39
4040,0,25
4041,1,16
4042,1,15
4043,1,28
4044,1,41
4045,0,47
4046,0,21
4047,1,30
4048,1,50
4049,0,21
4050,1,33
4051,1,45
4052,0,21
4053,1,31
4054,1,18
4055,1,24
4056,0,12
4057,1,26
4058,1,31
4059,1,47
4060,0,28
4061,0,52
4062,0,49
4063,0,46
4064,1,39
4065,0,17
4066,1,47
4067,0,37
4068,0,37
4069,0,34
4070,1,28
4071,0,46
4072,0,46
4073,1,11
4074,0,33
4075,1,44
4076,0,58
4077,1,54
4078,1,28
4079,1,33
4080,1,36
4081,1,17
4082,0,14
4083,0,52
4084,1,27
4085,0,16
4086,1,23
4087,0,26
4088,1,35
4089,1,20
4090,1,20
4091,1,45
4092,1,11
4093,1,59
4094,0,37
4095,1,28
4096,0,10
4097,0,10
4098,0,47
4099,1,59
4100,1,42
4101,0,52
4102,0,26
4103,0,14
4104,0,36
4105,0,16
4106,1,36
4107,0,52
4108,0,57
4109,0,51
4110,0,37
4111,1,53
4112,1,41
4113,1,13
4114,0,15
4115,1,49
4116,0,33
4117,1,45
4118,1,17
4119,0,45
4120,1,11
4121,1,46
4122,1,23
4123,1,53
4124,1,51
4125,0,48
4126,1,56
4127,0,54
4128,1,40
4129,0,28
4130,0,54
4131,0,37
4132,1,18
4133,0,52
4134,1,36
4135,0,20
4136,1,26
4137,0,43
4138,1,30
4139,0,44
4140,0,13
4141,1,17
4142,1,52
4143,0,59
4144,0,12
4145,1,44
4146,1,16
4147,0,22
4148,0,54
4149,0,47
4150,1,47
4151,0,48
4152,0,47
4153,0,17
4154,1,12
4155,1,17
4156,1,32
4157,0,59
4158,1,26
4159,0,13
4160,0,32
4161,0,30
4162,0,53
4163,0,31
4164,0,37
4165,1,48
4166,0,29
4167,0,40
4168,0,39
4169,0,10
4170,1,46
4171,1,17
4172,0,16
4173,1,19
4174,1,33
4175,0,22
4176,1,14
4177,0,15
4178,1,23
4179,1,10
4180,0,10
4181,0,52
4182,1,39
4183,0,43
4184,0,41
4185,1,44
4186,0,42
4187,0,24
4188,1,57
4189,1,15
4190,0,27
4191,0,30
4192,0,12
4193,0,31
4194,1,26
4195,0,12
4196,0,25
4197,1,38
4198,1,28
4199,0,31
4200,1,13
4201,1,31
4202,0,37
4203,0,19
4204,1,38
4205,0,41
4206,1,13
4207,1,45
4208,1,41
4209,0,40
4210,0,45
4211,1,57
4212,1,25
4213,0,43
4214,0,36
4215,0,29
4216,0,36
4217,1,33
4218,0,27
4219,1,37
4220,0,26
4221,0,15
4222,0,51
4223,1,21
4224,0,56
4225,0,37
4226,1,32
4227,0,57
4228,1,34
4229,1,36
4230,1,20
4231,0,34
4232,1,50
4233,1,20
4234,1,33
4235,1,24
4236,0,55
4237,0,35
4238,1,25
4239,1,39
4240,0,39
4241,0,17
4242,1,32
4243,0,58
4244,1,26
4245,0,33
4246,0,20
4247,1,39
4248,0,11
4249,0,51
4250,0,10
4251,0,50
4252,1,48
4253,0,13
4254,0,14
4255,1,42
4256,1,11
4257,0,14
4258,0,31
4259,0,16
4260,1,54
4261,0,25
4262,0,22
4263,1,51
4264,0,32
4265,0,33
4266,0,47
4267,0,38
4268,0,21
4269,1,38
4270,1,23
4271,0,23
4272,1,56
4273,1,14
4274,1,46
4275,0,16
4276,1,23
4277,0,53
4278,1,23
4279,0,27
4280,1,33
4281,0,34
4282,1,52
4283,1,47
4284,0,30
4285,0,31
4286,0,41
4287,0,46
4288,0,35
4289,0,20
4290,0,26
4291,0,42
4292,0,20
4293,1,38
4294,1,47
4295,1,25
4296,0,36
4297,1,44
4298,1,17
4299,1,41
4300,1,50
4301,0,19
4302,1,39
4303,0,11
4304,0,53
4305,1,48
4306,0,32
4307,0,18
4308,1,22
4309,0,39
4310,1,36
4311,1,41
4312,1,14
4313,1,12
4314,1,34
4315,1,50
4316,0,28
4317,1,27
4318,0,18
4319,1,46
4320,1,54
4321,0,53
4322,0,19
4323,1,29
4324,1,52
4325,1,30
4326,1,59
4327,1,12
4328,0,42
4329,0,34
4330,0,10
4331,1,29
4332,1,12
4333,1,21
4334,1,52
4335,1,22
4336,1,22
4337,0,51
4338,0,37
4339,0,13
4340,0,42
4341,1,38
4342,1,45
4343,0,55
4344,1,58
4345,0,28
4346,1,46
4347,1,44
4348,0,28
4349,0,52
4350,0,28
4351,0,27
4352,1,42
4353,0,27
4354,1,10
4355,0,58
4356,0,18
4357,0,28
4358,1,28
4359,1,49
4360,1,15
4361,1,25
4362,1,34
4363,0,25
4364,0,51
4365,0,55
4366,0,11
4367,0,58
4368,0,46
4369,0,26
4370,1,27
4371,1,17
4372,0,56
4373,0,16
4374,1,13
4375,0,26
4376,0,59
4377,1,44
4378,1,39
4379,1,57
4380,1,35
4381,1,15
4382,0,46
4383,0,38
4384,0,49
4385,0,52
4386,1,54
4387,0,23
4388,0,20
4389,1,11
4390,1,14
4391,0,53
4392,1,59
4393,0,53
4394,1,17
4395,1,23
4396,1,33
4397,1,16
4398,1,47
4399,0,19
4400,0,43
4401,1,36
4402,0,43
4403,0,50
4404,1,57
4405,1,13
4406,0,17
4407,1,11
4408,0,48
4409,0,33
4410,1,13
4411,1,30
4412,1,11
4413,0,18
4414,0,54
4415,1,16
4416,0,55
4417,0,32
4418,1,43
4419,0,33
4420,0,25
4421,0,18
4422,0,57
4423,0,23
4424,1,16
4425,1,36
4426,1,11
4427,1,59
4428,1,28
4429,0,34
4430,0,54
4431,0,12
4432,0,25
4433,0,10
4434,1,23
4435,1,58
4436,1,33
4437,1,58
4438,0,37
4439,1,49
4440,0,43
4441,0,27
4442,0,49
4443,0,55
4444,0,29
4445,1,57
4446,0,53
4447,0,22
4448,0,44
4449,1,54
4450,1,56
4451,0,54
4452,0,14
4453,0,19
4454,0,53
4455,1,43
4456,1,57
4457,0,20
4458,1,36
4459,1,26
4460,1,45
4461,0,46
4462,1,35
4463,1,38
4464,1,15
4465,0,40
4466,1,53
4467,0,13
4468,1,53
4469,0,12
4470,1,16
4471,1,32
4472,0,56
4473,0,38
4474,0,12
4475,1,54
4476,0,56
4477,1,38
4478,0,56
4479,1,39
4480,0,50
4481,0,41
4482,1,58
4483,0,16
4484,0,14
4485,1,25
4486,0,10
4487,1,58
4488,0,17
4489,1,37
4490,1,50
4491,0,27
4492,1,26
4493,1,59
4494,0,48
4495,0,49
4496,1,47
4497,0,26
4498,0,17
4499,0,49
4500,0,35
4501,1,43
4502,0,12
4503,1,18
4504,1,36
4505,1,27
4506,1,14
4507,1,16
4508,0,30
4509,1,51
4510,1,55
4511,0,31
4512,1,31
4513,0,50
4514,0,44
4515,0,14
4516,0,38
4517,0,16
4518,0,23
4519,0,27
4520,0,54
4521,0,58
4522,1,23
4523,0,49
4524,0,46
4525,1,59
4526,0,16
4527,1,52
4528,1,21
4529,0,52
4530,0,21
4531,0,55
4532,0,10
4533,1,15
4534,0,27
4535,1,32
4536,0,42
4537,1,16
4538,0,19
4539,0,47
4540,0,57
4541,1,59
4542,0,26
4543,0,32
4544,1,56
4545,0,48
4546,0,33
4547,1,55
4548,1,17
4549,1,56
4550,1,58
4551,0,39
4552,1,29
4553,1,11
4554,0,10
4555,1,28
4556,1,50
4557,0,21
4558,1,20
4559,0,29
4560,0,15
4561,1,50
4562,1,27
4563,1,48
4564,0,59
4565,0,46
4566,1,59
4567,0,44
4568,1,54
4569,1,32
4570,1,40
4571,0,21
4572,1,51
4573,1,56
4574,0,52
4575,1,42
4576,0,36
4577,1,53
4578,0,57
4579,1,52
4580,0,33
4581,1,52
4582,1,20
4583,1,28
4584,0,11
4585,1,21
4586,1,16
4587,0,56
4588,0,41
4589,0,37
4590,1,48
4591,1,55
4592,1,12
4593,0,23
4594,1,15
4595,0,47
4596,0,18
4597,0,31
4598,1,26
4599,1,10
4600,1,48
4601,0,54
4602,1,11
4603,0,21
4604,1,57
4605,0,20
4606,0,49
4607,0,43
4608,0,51
4609,0,26
4610,0,15
4611,1,49
4612,0,59
4613,1,49
4614,0,59
4615,1,58
4616,0,36
4617,1,42
4618,0,58
4619,0,52
4620,0,36
4621,1,45
4622,1,14
4623,0,36
4624,0,38
4625,0,30
4626,1,44
4627,0,33
4628,1,21
4629,1,48
4630,1,57
4631,0,30
4632,0,43
4633,0,18
4634,0,31
4635,1,13
4636,1,39
4637,0,56
4638,0,55
4639,1,53
4640,1,19
4641,1,41
4642,0,23
4643,0,32
4644,1,58
4645,1,26
4646,0,12
4647,1,58
4648,0,26
4649,1,55
4650,1,17
4651,1,22
4652,1,18
4653,1,40
4654,1,16
4655,1,28
4656,1,43
4657,0,45
4658,1,40
4659,1,11
4660,0,52
4661,1,13
4662,0,46
4663,0,12
4664,1,35
4665,0,47
4666,0,58
4667,1,16
4668,0,45
4669,1,35
4670,1,23
4671,1,20
4672,0,52
4673,0,51
4674,0,37
4675,1,34
4676,0,29
4677,0,44
4678,1,49
4679,0,54
4680,0,24
4681,1,13
4682,0,13
4683,1,48
4684,0,58
4685,0,13
4686,0,29
4687,1,26
4688,1,16
4689,0,53
4690,0,42
4691,1,45
4692,0,21
4693,0,39
4694,1,31
4695,1,37
4696,0,16
4697,0,46
4698,0,17
4699,1,29
4700,0,32
4701,0,51
4702,1,43
4703,0,18
4704,0,40
4705,1,43
4706,1,41
4707,0,31
4708,0,51
4709,0,23
4710,0,40
4711,1,32
4712,0,26
4713,1,57
4714,0,43
4715,0,59
4716,0,36
4717,0,40
4718,0,41
4719,0,23
4720,1,25
4721,0,56
4722,1,51
4723,1,54
4724,0,29
4725,1,13
4726,1,31
4727,1,50
4728,0,43
4729,0,48
4730,0,27
4731,1,26
4732,0,17
4733,0,56
4734,0,31
4735,1,11
4736,0,27
4737,0,50
4738,0,45
4739,1,34
4740,1,29
4741,1,14
4742,0,48
4743,1,47
4744,1,35
4745,0,21
4746,1,38
4747,1,27
4748,0,25
4749,0,54
4750,0,49
4751,0,26
4752,1,26
4753,0,48
4754,1,10
4755,1,33
4756,0,27
4757,1,37
4758,1,23
4759,1,53
4760,0,17
4761,0,31
4762,0,23
4763,1,27
4764,0,35
4765,1,41
4766,0,54
4767,1,48
4768,1,29
4769,0,40
4770,1,51
4771,1,46
4772,1,29
4773,0,28
4774,0,43
4775,0,42
4776,1,36
4777,1,12
4778,1,30
4779,0,25
4780,1,32
4781,1,26
4782,1,57
4783,1,52
4784,1,13
4785,0,48
4786,1,49
4787,1,38
4788,1,59
4789,0,36
4790,0,41
4791,1,54
4792,0,12
4793,0,51
4794,0,25
4795,1,49
4796,1,18
4797,0,48
4798,1,50
4799,1,58
4800,1,10
4801,1,32
4802,0,46
4803,0,16
4804,1,57
4805,1,52
4806,0,17
4807,0,56
4808,0,12
4809,1,47
4810,0,51
4811,1,29
4812,1,13
4813,0,56
4814,0,39
4815,0,53
4816,1,33
4817,0,22
4818,0,47
4819,1,58
4820,1,43
4821,1,42
4822,1,54
4823,0,16
4824,0,15
4825,1,35
4826,1,36
4827,1,22
4828,1,46
4829,0,24
4830,1,51
4831,1,16
4832,1,21
4833,1,48
4834,0,13
4835,0,19
4836,0,49
4837,1,43
4838,0,53
4839,0,56
4840,0,44
4841,1,43
4842,0,17
4843,1,46
4844,1,51
4845,1,43
4846,1,40
4847,0,14
4848,1,44
4849,0,30
4850,1,20
4851,1,15
4852,1,12
4853,1,57
4854,0,16
4855,0,22
4856,0,49
4857,1,15
4858,0,57
4859,1,13
4860,1,59
4861,1,51
4862,1,33
4863,0,46
4864,1,53
4865,1,16
4866,1,24
4867,1,40
4868,1,29
4869,0,24
4870,1,48
4871,0,16
4872,0,20
4873,1,22
4874,1,18
4875,1,21
4876,1,27
4877,0,11
4878,1,47
4879,0,45
4880,0,26
4881,0,53
4882,0,22
4883,1,30
4884,1,49
4885,0,36
4886,1,28
4887,1,33
4888,0,23
4889,1,43
4890,0,37
4891,1,28
4892,1,38
4893,0,41
4894,0,54
4895,1,33
4896,1,29
4897,1,41
4898,0,43
4899,1,21
4900,0,51
4901,1,43
4902,0,25
4903,1,10
4904,0,30
4905,1,17
4906,0,31
4907,0,13
4908,0,19
4909,0,26
4910,1,48
4911,0,10
4912,1,21
4913,1,36
4914,1,47
4915,0,40
4916,1,44
4917,1,52
4918,0,56
4919,0,12
4920,1,46
4921,1,35
4922,1,28
4923,1,10
4924,1,14
4925,1,29
4926,0,16
4927,1,35
4928,0,51
4929,0,31
4930,0,39
4931,1,58
4932,0,28
4933,1,40
4934,0,28
4935,1,37
4936,0,49
4937,0,23
4938,1,50
4939,0,47
4940,0,43
4941,0,12
4942,0,22
4943,0,47
4944,0,46
4945,1,45
4946,0,43
4947,1,42
4948,1,41
4949,0,13
4950,0,19
4951,1,43
4952,1,58
4953,1,13
4954,0,43
4955,1,41
4956,1,45
4957,1,31
4958,0,21
4959,1,27
4960,0,58
4961,1,49
4962,1,30
4963,1,14
4964,1,58
4965,1,16
4966,1,21
4967,1,40
4968,0,13
4969,0,39
4970,1,50
4971,1,13
4972,1,20
4973,1,56
4974,1,27
4975,1,19
4976,1,28
4977,1,55
4978,1,49
4979,1,38
4980,0,23
4981,0,59
4982,1,12
4983,0,31
4984,0,36
4985,1,15
4986,1,57
4987,0,39
4988,1,30
4989,1,32
4990,1,59
4991,1,42
4992,1,47
4993,1,47
4994,0,54
4995,1,59
4996,0,11
4997,1,33
4998,1,37
4999,1,37
5000,0,23
5001,0,26
5002,0,25
5003,0,26
5004,0,59
5005,1,43
5006,0,26
5007,0,16
5008,0,28
5009,0,26
5010,0,56
5011,0,56
5012,1,22
5013,0,43
5014,1,24
5015,1,27
5016,0,40
5017,1,22
5018,1,15
5019,0,31
5020,0,17
5021,1,34
5022,0,38
5023,0,40
5024,1,29
5025,0,42
5026,0,33
5027,0,33
5028,0,49
5029,1,53
5030,1,43
5031,0,55
5032,1,55
5033,0,14
5034,1,11
5035,1,32
5036,0,20
5037,0,47
5038,1,36
5039,0,49
5040,1,27
5041,0,14
5042,0,17
5043,1,35
5044,1,55
5045,1,20
5046,1,43
5047,1,49
5048,0,40
5049,0,56
5050,0,34
5051,1,27
5052,0,16
5053,1,59
5054,1,57
5055,1,21
5056,1,49
5057,0,18
5058,0,51
5059,1,49
5060,0,54
5061,1,44
5062,0,14
5063,0,26
5064,0,46
5065,0,45
5066,1,58
5067,1,28
5068,1,44
5069,1,37
5070,0,51
5071,1,22
5072,0,56
5073,1,49
5074,1,59
5075,0,18
5076,0,18
5077,1,56
5078,0,17
5079,0,35
5080,0,22
5081,1,12
5082,0,44
5083,1,37
5084,0,27
5085,0,52
5086,0,36
5087,0,50
5088,0,58
5089,0,59
5090,0,52
5091,0,26
5092,1,53
5093,1,12
5094,0,36
5095,0,24
5096,0,37
5097,1,43
5098,1,41
5099,1,13
5100,0,16
5101,1,57
5102,0,22
5103,0,35
5104,0,34
5105,0,14
5106,0,14
5107,1,22
5108,0,39
5109,1,41
5110,1,41
5111,1,53
5112,1,26
5113,1,34
5114,1,33
5115,1,33
5116,1,30
5117,0,18
5118,0,13
5119,0,55
5120,0,49
5121,0,28
5122,1,47
5123,0,55
5124,0,45
5125,0,21
5126,0,23
5127,1,44
5128,1,29
5129,1,14
5130,0,51
5131,1,25
5132,1,38
5133,1,26
5134,0,42
5135,1,54
5136,1,35
5137,0,35
5138,1,46
5139,0,11
5140,0,16
5141,0,15
5142,1,30
5143,1,15
5144,1,57
5145,0,19
5146,1,58
5147,0,43
5148,0,36
5149,0,24
5150,1,19
5151,1,25
5152,1,55
5153,1,26
5154,0,26
5155,1,58
5156,0,57
5157,0,38
5158,1,40
5159,0,23
5160,1,33
5161,0,31
5162,1,23
5163,0,17
5164,1,41
5165,0,59
5166,1,40
5167,1,16
5168,0,47
5169,0,29
5170,0,31
5171,1,26
5172,1,44
5173,1,56
5174,0,56
5175,1,41
5176,1,11
5177,0,21
5178,0,42
5179,0,58
5180,0,25
5181,0,48
5182,1,13
5183,1,45
5184,0,27
5185,0,12
5186,0,33
5187,0,32
5188,1,45
5189,1,42
5190,1,58
5191,1,38
5192,1,39
5193,1,19
5194,0,40
5195,1,57
5196,1,41
5197,1,14
5198,0,21
5199,1,55
5200,0,59
5201,1,40
5202,1,15
5203,1,30
5204,0,11
5205,1,33
5206,1,16
5207,0,38
5208,1,11
5209,0,58
5210,1,41
5211,1,41
5212,0,14
5213,1,33
5214,0,52
5215,1,18
5216,1,23
5217,1,43
5218,1,52
5219,0,56
5220,0,54
5221,0,46
5222,0,35
5223,0,54
5224,1,41
5225,0,26
5226,0,52
5227,0,25
5228,1,56
5229,1,15
5230,1,29
5231,0,22
5232,1,30
5233,1,50
5234,1,56
5235,0,33
5236,0,18
5237,0,44
5238,1,51
5239,1,50
5240,0,43
5241,1,13
5242,1,56
5243,0,28
5244,1,36
5245,0,20
5246,0,32
5247,1,46
5248,1,24
5249,0,13
5250,0,44
5251,1,53
5252,1,29
5253,1,54
5254,0,32
5255,0,56
5256,1,49
5257,0,45
5258,0,38
5259,1,33
5260,1,37
5261,1,41
5262,0,44
5263,1,59
5264,1,30
5265,1,44
5266,1,58
5267,1,23
5268,0,43
5269,1,36
5270,1,44
5271,0,52
5272,0,43
5273,0,31
5274,0,52
5275,0,53
5276,0,47
5277,0,54
5278,0,30
5279,1,46
5280,1,51
5281,1,20
5282,1,22
5283,0,29
5284,1,15
5285,0,10
5286,1,40
5287,0,44
5288,1,41
5289,1,44
5290,1,20
5291,0,43
5292,1,43
5293,1,23
5294,1,45
5295,1,34
5296,1,57
5297,1,13
5298,0,40
5299,1,15
5300,0,36
5301,0,32
5302,1,28
5303,1,57
5304,0,17
5305,1,31
5306,0,32
5307,1,18
5308,0,33
5309,0,27
5310,0,34
5311,0,31
5312,0,19
5313,0,18
5314,1,38
5315,0,26
5316,1,38
5317,0,41
5318,1,58
5319,0,49
5320,0,23
5321,1,16
5322,0,39
5323,1,46
5324,1,12
5325,1,35
5326,0,58
5327,1,50
5328,1,50
5329,0,28
5330,1,18
5331,1,51
5332,1,44
5333,1,41
5334,0,46
5335,0,16
5336,0,56
5337,1,17
5338,0,33
5339,1,50
5340,0,28
5341,0,52
5342,1,35
5343,0,46
5344,0,20
5345,0,33
5346,0,41
5347,1,38
5348,1,38
5349,0,57
5350,0,26
5351,1,37
5352,0,19
5353,1,58
5354,1,43
5355,1,13
5356,1,25
5357,0,57
5358,1,34
5359,0,27
5360,0,37
5361,1,42
5362,1,23
5363,0,53
5364,1,58
5365,0,55
5366,1,56
5367,0,26
5368,0,39
5369,0,44
5370,1,41
5371,1,34
5372,1,18
5373,0,14
5374,0,11
5375,1,14
5376,1,17
5377,1,27
5378,0,35
5379,1,54
5380,1,48
5381,1,40
5382,1,25
5383,1,45
5384,1,45
5385,0,48
5386,0,42
5387,0,15
5388,0,45
5389,1,44
5390,0,12
5391,1,10
5392,0,20
5393,0,30
5394,0,38
5395,1,30
5396,1,44
5397,1,19
5398,1,24
5399,0,46
5400,0,30
5401,0,31
5402,1,13
5403,1,39
5404,1,25
5405,0,51
5406,0,53
5407,1,37
5408,0,45
5409,0,31
5410,1,45
5411,1,31
5412,0,21
5413,1,50
5414,1,15
5415,1,31
5416,0,26
5417,0,30
5418,1,51
5419,0,40
5420,0,37
5421,0,36
5422,1,52
5423,0,52
5424,1,49
5425,1,17
5426,0,42
5427,0,59
5428,0,38
5429,1,34
5430,1,29
5431,0,56
5432,0,36
5433,0,53
5434,1,32
5435,1,49
5436,0,55
5437,1,24
5438,1,59
5439,0,40
5440,1,59
5441,0,41
5442,1,38
5443,0,37
5444,1,50
5445,1,10
5446,1,35
5447,0,59
5448,0,38
5449,1,27
5450,0,32
5451,0,13
5452,0,56
5453,0,13
5454,0,36
5455,1,27
5456,1,33
5457,0,22
5458,0,23
5459,1,27
5460,0,20
5461,0,51
5462,1,17
5463,1,39
5464,0,41
5465,0,43
5466,1,31
5467,1,20
5468,0,43
5469,0,46
5470,0,11
5471,1,49
5472,0,39
5473,1,19
5474,0,35
5475,1,28
5476,0,25
5477,1,57
5478,1,34
5479,1,52
5480,1,14
5481,1,47
5482,1,41
5483,0,47
5484,0,21
5485,0,46
5486,1,59
5487,0,20
5488,0,39
5489,0,37
5490,1,52
5491,0,13
5492,0,56
5493,0,12
5494,0,43
5495,0,25
5496,0,54
5497,1,13
5498,0,34
5499,0,55
5500,1,28
5501,1,37
5502,0,29
5503,0,13
5504,0,32
5505,1,47
5506,0,40
5507,0,38
5508,1,29
5509,1,30
5510,0,47
5511,1,59
5512,1,34
5513,1,47
5514,1,59
5515,1,32
5516,0,47
5517,0,42
5518,0,42
5519,1,16
5520,1,17
5521,1,25
5522,1,37
5523,1,27
5524,0,59
5525,1,48
5526,0,34
5527,0,24
5528,0,25
5529,1,52
5530,0,43
5531,0,12
5532,0,23
5533,1,54
5534,0,25
5535,1,52
5536,1,56
5537,0,28
5538,1,15
5539,1,17
5540,1,22
5541,1,57
5542,1,14
5543,0,48
5544,0,34
5545,1,21
5546,0,58
5547,0,43
5548,0,22
5549,0,53
5550,1,40
5551,0,43
5552,0,23
5553,1,13
5554,1,53
5555,0,26
5556,1,30
5557,0,13
5558,0,54
5559,0,41
5560,1,17
5561,0,49
5562,0,59
5563,0,59
5564,1,44
5565,1,28
5566,1,38
5567,1,34
5568,1,49
5569,1,51
5570,1,24
5571,1,58
5572,0,38
5573,1,39
5574,1,39
5575,1,21
5576,0,24
5577,0,33
5578,1,35
5579,0,18
5580,0,35
5581,1,15
5582,1,26
5583,1,56
5584,1,24
5585,1,39
5586,0,52
5587,0,37
5588,1,39
5589,1,53
5590,1,17
5591,0,48
5592,1,43
5593,1,24
5594,1,50
5595,1,20
5596,0,35
5597,1,17
5598,1,42
5599,1,59
5600,0,13
5601,1,22
5602,0,43
5603,1,18
5604,1,32
5605,1,13
5606,0,22
5607,0,50
5608,0,21
5609,0,58
5610,0,48
5611,0,54
5612,0,17
5613,1,51
5614,0,29
5615,1,57
5616,1,42
5617,1,31
5618,1,24
5619,0,34
5620,0,37
5621,0,44
5622,1,59
5623,0,46
5624,0,20
5625,1,28
5626,0,48
5627,1,16
5628,1,54
5629,1,29
5630,0,35
5631,1,14
5632,0,57
5633,1,29
5634,0,54
5635,1,38
5636,1,34
5637,0,50
5638,1,54
5639,1,31
5640,1,47
5641,0,11
5642,0,30
5643,0,30
5644,0,13
5645,1,38
5646,0,51
5647,1,20
5648,0,19
5649,1,57
5650,1,26
5651,0,41
5652,1,44
5653,0,11
5654,0,46
5655,0,45
5656,1,25
5657,0,55
5658,0,37
5659,1,22
5660,1,37
5661,1,26
5662,0,33
5663,1,16
5664,0,26
5665,1,39
5666,1,21
5667,1,16
5668,0,30
5669,0,58
5670,0,35
5671,1,24
5672,0,32
5673,1,36
5674,0,40
5675,1,36
5676,1,10
5677,1,47
5678,0,10
5679,0,45
5680,1,11
5681,0,18
5682,1,27
5683,0,16
5684,1,14
5685,0,32
5686,0,28
5687,1,14
5688,0,58
5689,1,11
5690,0,24
5691,1,31
5692,1,17
5693,1,30
5694,1,50
5695,1,52
5696,0,39
5697,0,43
5698,0,36
5699,1,59
5700,0,10
5701,0,57
5702,0,58
5703,0,33
5704,1,10
5705,0,26
5706,1,26
5707,0,36
5708,1,47
5709,1,27
5710,1,24
5711,0,19
5712,0,22
5713,0,58
5714,1,50
5715,0,25
5716,1,26
5717,1,40
5718,1,37
5719,1,34
5720,0,23
5721,0,10
5722,1,26
5723,0,28
5724,0,16
5725,1,53
5726,1,28
5727,0,17
5728,0,21
5729,1,38
5730,1,57
5731,0,42
5732,1,44
5733,0,52
5734,1,46
5735,1,59
5736,1,26
5737,0,30
5738,1,30
5739,1,11
5740,0,44
5741,0,47
5742,1,38
5743,0,41
5744,1,29
5745,1,22
5746,0,45
5747,1,57
5748,1,55
5749,1,37
5750,0,38
5751,0,54
5752,0,26
5753,0,37
5754,0,47
5755,0,20
5756,1,51
5757,0,14
5758,1,29
5759,1,41
5760,0,49
5761,0,12
5762,0,31
5763,1,41
5764,0,24
5765,0,51
5766,0,35
5767,0,21
5768,0,43
5769,0,15
5770,0,42
5771,0,47
5772,1,38
5773,1,54
5774,1,26
5775,0,54
5776,0,26
5777,1,10
5778,0,21
5779,1,11
5780,1,16
5781,1,30
5782,0,15
5783,1,51
5784,0,38
5785,1,43
5786,1,46
5787,0,16
5788,1,28
5789,1,34
5790,1,57
5791,0,43
5792,1,15
5793,1,11
5794,0,55
5795,0,46
5796,1,26
5797,0,24
5798,0,23
5799,0,51
5800,1,50
5801,0,18
5802,1,41
5803,1,10
5804,0,23
5805,0,39
5806,0,34
5807,1,56
5808,0,47
5809,0,11
5810,1,20
5811,0,58
5812,0,10
5813,0,29
5814,1,26
5815,0,14
5816,1,33
5817,0,39
5818,0,44
5819,1,54
5820,0,14
5821,0,53
5822,0,49
5823,0,49
5824,1,20
5825,1,54
5826,1,46
5827,0,55
5828,0,25
5829,1,25
5830,1,39
5831,0,55
5832,1,36
5833,0,24
5834,1,53
5835,0,27
5836,1,32
5837,0,47
5838,1,31
5839,1,17
5840,0,39
5841,0,42
5842,1,39
5843,0,13
5844,1,48
5845,0,36
5846,1,59
5847,1,42
5848,0,29
5849,1,29
5850,0,18
5851,1,50
5852,0,45
5853,0,35
5854,1,42
5855,1,44
5856,1,11
5857,0,16
5858,0,14
5859,0,18
5860,0,30
5861,1,41
5862,1,55
5863,1,56
5864,0,47
5865,1,45
5866,0,21
5867,1,10
5868,1,26
5869,1,41
5870,0,39
5871,1,33
5872,0,47
5873,1,18
5874,0,40
5875,0,34
5876,1,37
5877,1,16
5878,1,18
5879,1,31
5880,1,38
5881,1,21
5882,1,40
5883,1,21
5884,0,49
5885,1,43
5886,0,42
5887,0,52
5888,0,37
5889,0,51
5890,1,22
5891,1,32
5892,0,24
5893,1,28
5894,0,23
5895,1,56
5896,1,43
5897,1,16
5898,1,19
5899,1,48
5900,1,37
5901,1,37
5902,1,42
5903,0,38
5904,0,23
5905,1,28
5906,0,41
5907,1,44
5908,1,33
5909,0,42
5910,0,17
5911,1,58
5912,1,40
5913,1,50
5914,0,44
5915,0,34
5916,0,21
5917,0,26
5918,0,31
5919,0,36
5920,1,27
5921,1,29
5922,1,54
5923,0,42
5924,1,30
5925,1,49
5926,1,24
5927,1,48
5928,1,24
5929,0,42
5930,0,59
5931,0,23
5932,1,23
5933,0,59
5934,1,24
5935,0,43
5936,1,12
5937,1,34
5938,0,28
5939,0,56
5940,0,50
5941,0,10
5942,0,37
5943,0,41
5944,0,58
5945,1,49
5946,0,53
5947,1,58
5948,1,38
5949,0,22
5950,1,12
5951,0,38
5952,1,10
5953,1,32
5954,0,28
5955,1,45
5956,0,13
5957,1,42
5958,0,49
5959,0,18
5960,1,21
5961,1,10
5962,0,40
5963,0,50
5964,0,32
5965,1,36
5966,0,54
5967,1,31
5968,1,50
5969,0,54
5970,0,11
5971,0,58
5972,1,42
5973,1,26
5974,1,14
5975,1,11
5976,1,49
5977,1,44
5978,0,19
5979,0,37
5980,0,49
5981,0,56
5982,1,34
5983,0,57
5984,1,41
5985,0,27
5986,0,42
5987,0,26
5988,1,24
5989,1,19
5990,1,39
5991,0,46
5992,0,56
5993,1,45
5994,0,44
5995,0,22
5996,1,44
5997,1,49
5998,1,42
5999,1,44
6000,0,55
6001,0,16
6002,1,54
6003,1,27
6004,1,34
6005,0,44
6006,0,23
6007,0,26
6008,1,41
6009,0,54
6010,1,35
6011,0,30
6012,1,24
6013,0,21
6014,1,46
6015,1,42
6016,0,13
6017,1,46
6018,1,32
6019,1,50
6020,0,18
6021,1,21
6022,1,51
6023,1,45
6024,1,45
6025,1,47
6026,0,17
6027,0,44
6028,0,51
6029,0,44
6030,0,10
6031,0,14
6032,1,33
6033,0,24
6034,0,17
6035,1,34
6036,0,32
6037,0,20
6038,1,15
6039,1,39
6040,1,51
6041,1,42
6042,1,36
6043,1,50
6044,0,55
6045,0,27
6046,1,11
6047,1,21
6048,0,58
6049,0,16
6050,1,39
6051,1,37
6052,1,15
6053,0,56
6054,1,18
6055,0,41
6056,0,29
6057,0,18
6058,1,13
6059,1,59
6060,1,32
6061,1,28
6062,0,58
6063,0,21
6064,1,48
6065,0,55
6066,1,25
6067,1,39
6068,1,33
6069,0,24
6070,0,44
6071,0,39
6072,1,45
6073,0,19
6074,1,43
6075,0,40
6076,1,53
6077,0,30
6078,1,20
6079,1,32
6080,0,50
6081,1,32
6082,1,39
6083,1,53
6084,0,39
6085,0,58
6086,1,37
6087,0,34
6088,1,55
6089,0,42
6090,0,29
6091,0,36
6092,1,50
6093,1,10
6094,1,44
6095,0,58
6096,0,34
6097,1,10
6098,1,12
6099,1,11
6100,1,41
6101,1,50
6102,1,27
6103,1,36
6104,1,46
6105,1,27
6106,0,10
6107,0,47
6108,0,15
6109,1,37
6110,0,29
6111,1,58
6112,1,33
6113,0,11
6114,1,35
6115,1,27
6116,0,16
6117,1,55
6118,1,33
6119,0,51
6120,1,31
6121,1,26
6122,0,26
6123,1,22
6124,1,55
6125,0,29
6126,1,27
6127,1,12
6128,1,18
6129,0,48
6130,0,39
6131,1,55
6132,0,55
6133,0,16
6134,0,40
6135,1,12
6136,0,44
6137,0,35
6138,1,35
6139,0,59
6140,0,58
6141,0,21
6142,0,59
6143,1,26
6144,1,17
6145,0,40
6146,0,34
6147,0,12
6148,0,15
6149,1,56
6150,1,16
6151,1,45
6152,0,48
6153,0,43
6154,1,13
6155,0,17
6156,0,46
6157,1,23
6158,0,24
6159,0,32
6160,1,40
6161,1,59
6162,0,54
6163,0,59
6164,1,34
6165,1,41
6166,1,43
6167,0,35
6168,1,50
6169,0,55
6170,0,32
6171,1,25
6172,1,30
6173,0,25
6174,0,54
6175,0,52
6176,1,44
6177,1,43
6178,1,46
6179,1,36
6180,0,18
6181,1,33
6182,1,55
6183,1,53
6184,1,45
6185,0,59
6186,1,59
6187,1,42
6188,1,55
6189,0,20
6190,1,38
6191,1,28
6192,1,33
6193,1,21
6194,1,59
6195,1,31
6196,1,12
6197,1,12
6198,1,24
6199,1,27
6200,1,21
6201,0,50
6202,1,11
6203,0,46
6204,0,21
6205,1,37
6206,0,53
6207,1,54
6208,0,22
6209,0,30
6210,1,12
6211,0,43
6212,0,23
6213,1,45
6214,0,38
6215,0,39
6216,0,26
6217,0,33
6218,1,41
6219,1,31
6220,1,41
6221,0,59
6222,0,21
6223,0,37
6224,0,45
6225,1,42
6226,1,20
6227,0,14
6228,1,41
6229,1,52
6230,1,26
6231,1,20
6232,0,38
6233,0,59
6234,1,56
6235,0,24
6236,1,35
6237,0,14
6238,1,26
6239,1,57
6240,0,15
6241,0,10
6242,0,42
6243,1,56
6244,0,45
6245,0,59
6246,0,41
6247,0,55
6248,1,56
6249,1,22
6250,1,19
6251,1,32
6252,1,13
6253,0,35
6254,0,55
6255,1,34
6256,0,13
6257,0,10
6258,0,18
6259,0,25
6260,1,46
6261,0,15
6262,1,18
6263,1,17
6264,1,19
6265,1,45
6266,1,38
6267,1,48
6268,1,46
6269,1,58
6270,0,48
6271,1,23
6272,0,45
6273,0,57
6274,1,38
6275,0,10
6276,1,20
6277,0,53
6278,0,44
6279,0,27
6280,0,39
6281,1,46
6282,0,25
6283,0,40
6284,0,26
6285,1,17
6286,0,30
6287,1,17
6288,0,45
6289,1,43
6290,0,43
6291,0,32
6292,1,42
6293,0,54
6294,1,17
6295,0,20
6296,1,40
6297,0,27
6298,1,55
6299,1,20
6300,1,48
6301,0,12
6302,1,12
6303,0,12
6304,0,37
6305,1,52
6306,1,30
6307,1,41
6308,1,52
6309,0,30
6310,0,48
6311,1,54
6312,0,59
6313,1,28
6314,1,43
6315,1,39
6316,1,35
6317,0,58
6318,1,17
6319,1,38
6320,0,36
6321,1,23
6322,1,58
6323,1,32
6324,1,42
6325,1,34
6326,0,14
6327,0,24
6328,1,17
6329,1,59
6330,0,15
6331,0,46
6332,0,52
6333,1,13
6334,1,47
6335,0,38
6336,1,46
6337,0,58
6338,1,30
6339,1,31
6340,1,23
6341,1,25
6342,0,25
6343,0,32
6344,1,19
6345,0,50
6346,0,48
6347,0,59
6348,0,37
6349,1,11
6350,1,34
6351,1,10
6352,0,31
6353,1,31
6354,0,55
6355,0,18
6356,0,19
6357,1,40
6358,1,10
6359,0,29
6360,1,46
6361,1,57
6362,0,22
6363,0,32
6364,1,23
6365,0,37
6366,0,37
6367,0,12
6368,1,36
6369,0,27
6370,1,39
6371,0,22
6372,0,13
6373,0,38
6374,1,57
6375,1,57
6376,0,33
6377,0,59
6378,1,23
6379,1,37
6380,1,29
6381,1,53
6382,0,20
6383,0,10
6384,0,31
6385,0,54
6386,1,28
6387,0,54
6388,0,12
6389,0,15
6390,1,31
6391,0,56
6392,1,23
6393,0,24
6394,0,10
6395,0,42
6396,0,47
6397,0,56
6398,1,47
6399,1,54
6400,0,47
6401,0,27
6402,1,58
6403,1,46
6404,0,21
6405,1,34
6406,1,11
6407,1,50
6408,1,38
6409,0,42
6410,1,19
6411,1,10
6412,1,26
6413,1,35
6414,0,36
6415,1,35
6416,1,29
6417,0,29
6418,1,13
6419,1,10
6420,1,26
6421,1,33
6422,1,19
6423,0,55
6424,1,20
6425,0,30
6426,0,16
6427,0,57
6428,1,40
6429,1,12
6430,0,13
6431,1,48
6432,0,40
6433,1,19
6434,1,13
6435,1,14
6436,0,42
6437,1,40
6438,1,10
6439,1,43
6440,1,12
6441,0,57
6442,0,16
6443,0,18
6444,1,41
6445,1,43
6446,0,56
6447,0,33
6448,0,26
6449,1,32
6450,0,20
6451,0,34
6452,0,11
6453,1,19
6454,0,29
6455,0,44
6456,1,28
6457,1,21
6458,0,48
6459,0,38
6460,0,51
6461,0,23
6462,0,17
6463,0,29
6464,1,44
6465,0,46
6466,1,21
6467,0,17
6468,1,27
6469,1,38
6470,1,15
6471,0,35
6472,0,27
6473,0,38
6474,0,53
6475,0,14
6476,1,54
6477,1,44
6478,1,20
6479,1,25
6480,0,42
6481,1,46
6482,0,50
6483,1,18
6484,0,56
6485,0,44
6486,1,21
6487,1,57
6488,0,20
6489,1,20
6490,1,44
6491,0,23
6492,0,18
6493,1,53
6494,0,36
6495,1,45
6496,0,33
6497,1,31
6498,1,23
6499,1,47
6500,0,15
6501,0,15
6502,1,37
6503,0,16
6504,1,24
6505,0,54
6506,0,35
6507,1,47
6508,0,31
6509,0,48
6510,1,32
6511,1,54
6512,0,45
6513,1,22
6514,0,49
6515,0,28
6516,0,20
6517,1,25
6518,0,23
6519,0,16
6520,0,26
6521,0,54
6522,1,17
6523,1,54
6524,1,13
6525,0,55
6526,0,55
6527,1,11
6528,1,13
6529,1,41
6530,0,11
6531,0,51
6532,1,56
6533,0,47
6534,1,30
6535,0,22
6536,0,37
6537,1,10
6538,1,29
6539,0,52
6540,0,26
6541,0,10
6542,0,48
6543,0,48
6544,1,25
6545,0,14
6546,0,24
6547,0,58
6548,0,34
6549,0,37
6550,0,42
6551,0,57
6552,0,27
6553,1,22
6554,1,27
6555,0,16
6556,1,40
6557,0,43
6558,1,41
6559,1,53
6560,0,30
6561,1,10
6562,1,21
6563,1,31
6564,0,31
6565,1,16
6566,1,44
6567,1,25
6568,0,57
6569,1,48
6570,1,49
6571,1,40
6572,1,41
6573,1,29
6574,0,52
6575,1,32
6576,0,48
6577,0,49
6578,0,55
6579,0,16
6580,0,52
6581,1,37
6582,0,12
6583,0,11
6584,1,30
6585,0,31
6586,1,22
6587,1,29
6588,0,36
6589,1,40
6590,1,43
6591,1,16
6592,1,21
6593,1,22
6594,0,11
6595,1,14
6596,0,58
6597,0,47
6598,1,39
6599,1,26
6600,0,35
6601,1,51
6602,0,33
6603,1,43
6604,1,29
6605,1,31
6606,1,30
6607,0,47
6608,0,29
6609,1,29
6610,1,46
6611,1,35
6612,1,44
6613,0,39
6614,0,16
6615,0,33
6616,0,53
6617,0,35
6618,0,57
6619,0,56
6620,0,41
6621,1,47
6622,1,32
6623,0,25
6624,0,21
6625,1,22
6626,0,45
6627,0,17
6628,0,48
6629,1,41
6630,1,49
6631,1,56
6632,1,41
6633,0,44
6634,1,22
6635,0,22
6636,0,29
6637,0,53
6638,1,24
6639,0,55
6640,1,58
6641,1,50
6642,0,40
6643,0,21
6644,1,29
6645,1,44
6646,0,22
6647,1,11
6648,0,36
6649,0,39
6650,0,14
6651,1,49
6652,1,53
6653,1,49
6654,1,57
6655,0,28
6656,0,33
6657,0,39
6658,1,46
6659,1,39
6660,1,12
6661,0,56
6662,0,13
6663,0,54
6664,0,32
6665,1,10
6666,0,53
6667,0,51
6668,0,47
6669,0,14
6670,1,25
6671,1,31
6672,0,26
6673,1,28
6674,0,58
6675,1,55
6676,1,45
6677,0,40
6678,1,35
6679,1,57
6680,1,10
6681,1,32
6682,1,12
6683,0,36
6684,1,56
6685,1,28
6686,1,55
6687,1,28
6688,1,45
6689,0,46
6690,1,40
6691,1,46
6692,1,46
6693,1,36
6694,0,47
6695,1,26
6696,1,34
6697,1,52
6698,1,17
6699,0,37
6700,0,18
6701,0,17
6702,0,47
6703,1,16
6704,0,23
6705,0,14
6706,1,52
6707,0,34
6708,0,37
6709,0,51
6710,1,19
6711,0,33
6712,1,17
6713,1,46
6714,0,26
6715,1,33
6716,1,49
6717,0,47
6718,0,30
6719,1,17
6720,0,31
6721,1,53
6722,1,48
6723,1,19
6724,0,13
6725,0,51
6726,0,55
6727,1,55
6728,1,47
6729,0,49
6730,0,19
6731,0,44
6732,1,32
6733,0,13
6734,1,30
6735,1,35
6736,1,48
6737,0,18
6738,1,50
6739,1,57
6740,1,54
6741,0,29
6742,1,25
6743,0,39
6744,1,14
6745,1,14
6746,0,52
6747,1,17
6748,1,14
6749,0,49
6750,0,20
6751,1,47
6752,0,51
6753,0,10
6754,0,15
6755,1,54
6756,0,37
6757,0,33
6758,0,19
6759,0,44
6760,1,51
6761,1,11
6762,0,24
6763,0,40
6764,0,53
6765,0,12
6766,1,36
6767,1,24
6768,0,58
6769,0,21
6770,1,43
6771,0,45
6772,0,25
6773,0,25
6774,0,24
6775,0,36
6776,0,31
6777,0,50
6778,0,17
6779,0,47
6780,1,39
6781,0,49
6782,1,44
6783,1,57
6784,1,38
6785,0,37
6786,0,25
6787,0,27
6788,1,17
6789,1,10
6790,1,41
6791,0,27
6792,1,10
6793,1,23
6794,1,40
6795,1,14
6796,1,51
6797,0,33
6798,1,52
6799,1,35
6800,0,41
6801,1,16
6802,0,48
6803,1,40
6804,0,33
6805,1,49
6806,0,33
6807,0,31
6808,1,55
6809,1,48
6810,1,58
6811,0,57
6812,0,13
6813,0,36
6814,0,16
6815,1,28
6816,1,11
6817,0,39
6818,1,54
6819,1,22
6820,0,31
6821,0,43
6822,0,35
6823,0,49
6824,1,42
6825,0,59
6826,0,20
6827,0,53
6828,0,59
6829,0,10
6830,1,37
6831,0,37
6832,0,55
6833,1,58
6834,0,29
6835,0,29
6836,1,12
6837,0,51
6838,0,40
6839,1,47
6840,1,40
6841,0,29
6842,1,35
6843,1,21
6844,1,58
6845,0,30
6846,0,22
6847,0,16
6848,1,17
6849,1,33
6850,0,48
6851,1,34
6852,1,16
6853,0,53
6854,1,28
6855,0,59
6856,0,41
6857,1,24
6858,1,37
6859,0,15
6860,1,59
6861,1,13
6862,1,30
6863,1,30
6864,0,11
6865,0,26
6866,1,54
6867,0,47
6868,0,52
6869,0,23
6870,1,16
6871,1,36
6872,1,42
6873,1,42
6874,1,20
6875,0,17
6876,0,17
6877,1,23
6878,0,50
6879,1,25
6880,0,51
6881,0,42
6882,0,24
6883,1,44
6884,1,25
6885,1,31
6886,0,36
6887,0,49
6888,0,21
6889,0,15
6890,0,48
6891,1,21
6892,0,29
6893,1,19
6894,0,56
6895,1,41
6896,0,38
6897,1,24
6898,0,52
6899,0,44
6900,0,45
6901,1,12
6902,1,57
6903,0,49
6904,1,48
6905,1,19
6906,1,10
6907,1,48
6908,1,48
6909,1,59
6910,0,44
6911,0,33
6912,1,49
6913,0,41
6914,1,37
6915,0,24
6916,1,36
6917,1,22
6918,0,46
6919,1,56
6920,1,35
6921,0,57
6922,1,50
6923,1,42
6924,1,47
6925,1,24
6926,0,16
6927,0,14
6928,0,20
6929,0,25
6930,1,51
6931,1,19
6932,1,27
6933,1,59
6934,0,10
6935,1,44
6936,0,30
6937,0,39
6938,0,43
6939,0,33
6940,0,26
6941,0,42
6942,1,37
6943,0,27
6944,0,59
6945,0,14
6946,0,55
6947,1,18
6948,1,57
6949,0,26
6950,1,15
6951,1,22
6952,0,50
6953,1,54
6954,0,56
6955,1,15
6956,0,24
6957,1,57
6958,0,12
6959,1,16
6960,0,37
6961,1,54
6962,0,12
6963,0,23
6964,1,10
6965,1,18
6966,0,41
6967,0,39
6968,1,16
6969,1,33
6970,0,48
6971,0,54
6972,1,33
6973,1,49
6974,1,31
6975,0,21
6976,0,50
6977,0,51
6978,1,16
6979,1,24
6980,1,54
6981,0,51
6982,1,12
6983,0,53
6984,0,29
6985,1,42
6986,0,17
6987,0,58
6988,1,41
6989,0,43
6990,0,30
6991,1,33
6992,1,56
6993,1,57
6994,1,43
6995,1,43
6996,0,14
6997,1,26
6998,1,58
6999,1,45
7000,1,25
7001,0,24
7002,0,45
7003,0,11
7004,0,52
7005,0,46
7006,1,29
7007,0,18
7008,1,22
7009,1,14
7010,1,46
7011,0,58
7012,1,51
7013,1,11
7014,0,29
7015,1,44
7016,0,44
7017,1,29
7018,1,49
7019,1,54
7020,1,40
7021,1,21
7022,0,21
7023,1,11
7024,1,31
7025,0,41
7026,1,30
7027,0,48
7028,1,30
7029,0,55
7030,0,14
7031,1,27
7032,0,15
7033,1,34
7034,0,25
7035,0,29
7036,0,11
7037,0,44
7038,1,26
7039,1,11
7040,0,44
7041,0,33
7042,0,19
7043,1,37
7044,0,35
7045,1,13
7046,1,55
7047,1,44
7048,0,50
7049,0,44
7050,0,16
7051,0,51
7052,1,15
7053,1,48
7054,1,30
7055,0,23
7056,1,50
7057,1,19
7058,1,59
7059,1,44
7060,0,50
7061,1,42
7062,0,52
7063,0,54
7064,1,53
7065,0,40
7066,1,51
7067,1,12
7068,0,45
7069,0,37
7070,0,31
7071,1,50
7072,0,15
7073,0,55
7074,0,59
7075,0,19
7076,0,17
7077,0,51
7078,0,15
7079,1,51
7080,1,42
7081,0,59
7082,0,12
7083,0,36
7084,0,58
7085,1,40
7086,0,33
7087,0,23
7088,0,10
7089,0,39
7090,0,35
7091,0,19
7092,1,21
7093,0,33
7094,0,55
7095,1,33
7096,0,10
7097,0,40
7098,0,43
7099,1,14
7100,0,45
7101,0,42
7102,0,24
7103,1,36
7104,0,18
7105,0,36
7106,0,10
7107,1,58
7108,0,14
7109,1,34
7110,1,52
7111,1,57
7112,0,27
7113,1,40
7114,0,28
7115,0,41
7116,1,45
7117,0,41
7118,0,35
7119,1,52
7120,1,12
7121,0,40
7122,0,55
7123,1,25
7124,0,52
7125,1,26
7126,1,31
7127,0,53
7128,1,24
7129,1,52
7130,0,36
7131,0,43
7132,1,31
7133,1,35
7134,1,39
7135,1,52
7136,1,26
7137,0,31
7138,1,18
7139,0,45
7140,1,48
7141,0,20
7142,0,44
7143,1,34
7144,1,35
7145,0,44
7146,1,43
7147,0,44
7148,0,54
7149,1,32
7150,0,25
7151,1,46
7152,1,31
7153,1,10
7154,1,38
7155,0,42
7156,0,28
7157,0,12
7158,0,47
7159,0,14
7160,1,58
7161,1,37
7162,1,59
7163,1,25
7164,0,26
7165,0,54
7166,0,48
7167,1,24
7168,1,32
7169,1,31
7170,0,26
7171,0,50
7172,0,21
7173,0,29
7174,0,37
7175,1,24
7176,0,39
7177,1,18
7178,1,32
7179,0,21
7180,0,26
7181,0,38
7182,0,49
7183,1,53
7184,1,13
7185,1,34
7186,0,58
7187,0,35
7188,0,40
7189,1,42
7190,1,20
7191,1,18
7192,1,48
7193,0,47
7194,0,57
7195,1,17
7196,1,20
7197,1,21
7198,0,55
7199,0,39
7200,1,38
7201,0,45
7202,0,59
7203,0,42
7204,0,29
7205,0,18
7206,0,43
7207,1,29
7208,0,46
7209,1,40
7210,1,20
7211,0,57
7212,0,42
7213,1,39
7214,1,45
7215,0,10
7216,0,33
7217,0,46
7218,0,53
7219,1,50
7220,0,52
7221,1,23
7222,0,37
7223,0,10
7224,0,10
7225,1,57
7226,0,59
7227,0,35
7228,1,15
7229,0,25
7230,1,25
7231,0,32
7232,0,17
7233,1,45
7234,1,17
7235,1,18
7236,0,44
7237,1,27
7238,1,41
7239,1,32
7240,0,53
7241,0,31
7242,0,16
7243,1,37
7244,0,50
7245,1,11
7246,0,24
7247,0,30
7248,1,48
7249,1,19
7250,1,18
7251,1,57
7252,1,44
7253,1,26
7254,0,25
7255,0,38
7256,0,58
7257,0,23
7258,0,39
7259,1,17
7260,0,24
7261,1,32
7262,0,54
7263,0,59
7264,1,48
7265,1,11
7266,0,20
7267,0,32
7268,0,28
7269,1,34
7270,0,37
7271,1,18
7272,0,13
7273,1,49
7274,0,15
7275,0,36
7276,1,13
7277,1,51
7278,0,28
7279,0,19
7280,1,24
7281,0,33
7282,0,30
7283,1,30
7284,0,37
7285,1,59
7286,1,39
7287,1,13
7288,0,15
7289,1,12
7290,1,19
7291,1,17
7292,0,33
7293,0,51
7294,0,31
7295,1,54
7296,0,58
7297,0,45
7298,1,11
7299,0,49
7300,0,16
7301,1,44
7302,1,24
7303,0,32
7304,1,34
7305,1,13
7306,1,47
7307,1,54
7308,1,26
7309,1,12
7310,0,10
7311,1,11
7312,1,51
7313,1,39
7314,0,38
7315,1,11
7316,1,27
7317,1,57
7318,1,17
7319,1,22
7320,0,32
7321,1,44
7322,1,25
7323,1,31
7324,1,14
7325,1,34
7326,1,26
7327,0,14
7328,1,45
7329,1,49
7330,0,20
7331,1,13
7332,1,11
7333,0,41
7334,0,38
7335,1,33
7336,0,19
7337,0,44
7338,0,14
7339,1,27
7340,1,35
7341,0,24
7342,1,19
7343,1,10
7344,1,17
7345,0,28
7346,1,43
7347,1,53
7348,0,15
7349,1,25
7350,0,30
7351,0,58
7352,0,47
7353,1,31
7354,1,21
7355,0,48
7356,0,28
7357,0,45
7358,0,56
7359,1,51
7360,0,32
7361,0,40
7362,1,36
7363,1,19
7364,0,28
7365,1,55
7366,1,13
7367,0,17
7368,1,56
7369,1,11
7370,1,51
7371,0,58
7372,0,13
7373,1,14
7374,0,54
7375,0,38
7376,0,42
7377,0,13
7378,0,14
7379,1,11
7380,1,56
7381,0,26
7382,0,52
7383,1,31
7384,0,53
7385,0,16
7386,0,55
7387,1,30
7388,1,44
7389,1,18
7390,1,25
7391,1,23
7392,1,20
7393,0,51
7394,1,26
7395,0,29
7396,1,26
7397,1,29
7398,1,25
7399,0,37
7400,1,32
7401,1,14
7402,1,37
7403,1,37
7404,0,21
7405,1,38
7406,0,31
7407,1,14
7408,0,18
7409,0,37
7410,0,17
7411,0,50
7412,0,51
7413,1,43
7414,0,50
7415,0,50
7416,0,16
7417,0,57
7418,0,34
7419,0,11
7420,0,49
7421,1,13
7422,0,11
7423,0,15
7424,0,15
7425,1,48
7426,1,40
7427,1,49
7428,1,47
7429,0,29
7430,1,25
7431,0,54
7432,1,46
7433,1,35
7434,1,46
7435,1,30
7436,0,30
7437,1,34
7438,0,53
7439,0,48
7440,0,17
7441,0,53
7442,1,14
7443,1,59
7444,1,30
7445,0,17
7446,1,16
7447,1,54
7448,0,21
7449,0,46
7450,1,47
7451,0,44
7452,1,55
7453,1,54
7454,1,45
7455,0,31
7456,1,38
7457,1,36
7458,0,52
7459,1,27
7460,0,21
7461,0,40
7462,0,21
7463,0,11
7464,0,33
7465,0,47
7466,1,58
7467,1,43
7468,1,28
7469,1,50
7470,1,21
7471,1,51
7472,0,35
7473,0,33
7474,1,33
7475,1,23
7476,1,49
7477,0,34
7478,0,11
7479,0,38
7480,0,45
7481,0,30
7482,1,29
7483,1,37
7484,0,29
7485,1,44
7486,1,22
7487,1,47
7488,1,49
7489,0,32
7490,1,32
7491,0,10
7492,0,13
7493,0,53
7494,1,58
7495,1,29
7496,1,41
7497,0,34
7498,0,28
7499,1,16
7500,0,31
7501,0,59
7502,0,52
7503,0,18
7504,1,49
7505,0,42
7506,0,37
7507,0,41
7508,0,45
7509,1,28
7510,1,22
7511,0,42
7512,0,53
7513,0,39
7514,1,58
7515,0,58
7516,1,32
7517,1,22
7518,1,59
7519,0,45
7520,0,24
7521,1,43
7522,1,46
7523,1,44
7524,1,10
7525,1,41
7526,0,27
7527,1,31
7528,0,42
7529,1,24
7530,1,45
7531,0,48
7532,0,16
7533,1,43
7534,0,37
7535,0,32
7536,0,43
7537,1,33
7538,1,41
7539,0,33
7540,1,14
7541,1,25
7542,0,25
7543,0,52
7544,0,46
7545,0,16
7546,0,18
7547,1,49
7548,1,58
7549,0,16
7550,0,43
7551,1,59
7552,0,26
7553,1,44
7554,0,33
7555,1,42
7556,1,47
7557,0,46
7558,1,11
7559,1,27
7560,0,32
7561,0,42
7562,1,19
7563,0,35
7564,1,12
7565,1,49
7566,1,34
7567,1,13
7568,0,34
7569,0,51
7570,0,40
7571,0,45
7572,1,34
7573,0,36
7574,1,32
7575,1,53
7576,1,27
7577,1,56
7578,1,56
7579,1,21
7580,0,22
7581,0,35
7582,0,16
7583,1,30
7584,0,45
7585,0,41
7586,1,59
7587,0,23
7588,1,22
7589,1,23
7590,1,16
7591,1,20
7592,1,43
7593,0,54
7594,0,22
7595,0,35
7596,0,22
7597,1,29
7598,0,48
7599,1,58
7600,0,12
7601,1,29
7602,0,15
7603,1,58
7604,0,48
7605,1,20
7606,1,24
7607,1,19
7608,0,44
7609,1,27
7610,0,48
7611,1,26
7612,0,57
7613,0,28
7614,0,20
7615,0,40
7616,1,36
7617,0,15
7618,1,21
7619,0,27
7620,0,29
7621,0,48
7622,0,45
7623,0,15
7624,0,18
7625,1,46
7626,0,18
7627,1,50
7628,1,39
7629,0,39
7630,1,12
7631,1,17
7632,0,57
7633,1,21
7634,0,24
7635,1,21
7636,1,45
7637,1,31
7638,0,49
7639,1,54
7640,1,37
7641,1,41
7642,0,34
7643,1,26
7644,1,18
7645,0,16
7646,0,20
7647,0,14
7648,0,49
7649,0,39
7650,1,39
7651,0,37
7652,0,28
7653,0,46
7654,0,58
7655,0,43
7656,0,26
7657,1,11
7658,0,56
7659,1,46
7660,1,21
7661,0,46
7662,1,57
7663,1,41
7664,0,42
7665,0,26
7666,1,25
7667,1,54
7668,0,55
7669,1,12
7670,0,18
7671,0,59
7672,1,47
7673,1,18
7674,1,21
7675,1,19
7676,0,23
7677,1,26
7678,0,10
7679,1,56
7680,1,53
7681,1,17
7682,0,16
7683,1,59
7684,0,51
7685,1,38
7686,1,46
7687,0,26
7688,1,35
7689,0,55
7690,1,53
7691,1,40
7692,0,38
7693,1,46
7694,1,36
7695,0,12
7696,0,24
7697,1,24
7698,0,31
7699,0,49
7700,0,59
7701,0,18
7702,0,59
7703,0,11
7704,1,54
7705,0,53
7706,0,38
7707,1,48
7708,1,30
7709,0,13
7710,0,59
7711,0,36
7712,1,57
7713,0,19
7714,0,24
7715,0,45
7716,0,23
7717,0,34
7718,1,33
7719,1,12
7720,0,26
7721,1,11
7722,0,21
7723,1,45
7724,1,14
7725,1,46
7726,1,35
7727,1,34
7728,1,23
7729,1,37
7730,1,20
7731,0,39
7732,1,30
7733,0,43
7734,0,45
7735,0,27
7736,0,48
7737,1,15
7738,1,15
7739,0,55
7740,0,37
7741,1,42
7742,1,20
7743,1,53
7744,0,50
7745,1,35
7746,0,44
7747,1,32
7748,0,50
7749,0,54
7750,1,42
7751,1,17
7752,0,19
7753,0,55
7754,1,21
7755,0,31
7756,0,13
7757,0,50
7758,0,11
7759,0,36
7760,0,10
7761,1,39
7762,0,29
7763,0,33
7764,0,43
7765,0,40
7766,1,47
7767,1,46
7768,1,47
7769,1,31
7770,0,12
7771,0,13
7772,1,25
7773,0,33
7774,0,43
7775,1,12
7776,0,49
7777,1,48
7778,1,38
7779,0,46
7780,1,51
7781,1,52
7782,0,10
7783,0,48
7784,0,15
7785,0,41
7786,1,49
7787,0,45
7788,1,12
7789,1,23
7790,0,54
7791,1,37
7792,0,19
7793,0,16
7794,0,30
7795,1,31
7796,1,57
7797,0,46
7798,0,31
7799,1,49
7800,0,44
7801,1,11
7802,1,37
7803,0,22
7804,1,59
7805,0,48
7806,0,53
7807,0,11
7808,0,44
7809,1,57
7810,0,52
7811,1,31
7812,0,53
7813,0,26
7814,0,42
7815,1,33
7816,0,44
7817,1,32
7818,0,48
7819,0,52
7820,1,27
7821,1,25
7822,0,26
7823,0,26
7824,0,22
7825,1,55
7826,0,15
7827,1,16
7828,0,47
7829,0,50
7830,1,34
7831,1,45
7832,1,45
7833,1,41
7834,0,36
7835,1,52
7836,1,19
7837,1,27
7838,0,34
7839,1,26
7840,0,53
7841,0,20
7842,1,18
7843,1,32
7844,0,30
7845,0,46
7846,1,44
7847,1,51
7848,0,15
7849,0,43
7850,0,18
7851,1,13
7852,0,20
7853,1,13
7854,1,44
7855,1,40
7856,0,26
7857,0,29
7858,0,36
7859,0,59
7860,0,27
7861,0,41
7862,0,26
7863,1,58
7864,1,48
7865,0,23
7866,0,15
7867,0,19
7868,0,59
7869,1,16
7870,1,21
7871,1,44
7872,0,45
7873,0,26
7874,1,36
7875,0,27
7876,1,47
7877,1,13
7878,0,12
7879,0,34
7880,0,23
7881,0,17
7882,0,32
7883,0,12
7884,0,38
7885,0,38
7886,0,16
7887,1,31
7888,1,41
7889,0,39
7890,0,53
7891,1,39
7892,1,32
7893,0,55
7894,1,39
7895,1,22
7896,0,17
7897,1,18
7898,1,13
7899,0,26
7900,0,58
7901,1,52
7902,1,41
7903,0,55
7904,1,18
7905,0,26
7906,0,59
7907,1,32
7908,0,20
7909,1,49
7910,0,19
7911,1,12
7912,0,45
7913,0,37
7914,0,35
7915,1,55
7916,0,23
7917,0,50
7918,1,11
7919,0,55
7920,0,26
7921,0,34
7922,1,14
7923,0,48
7924,0,31
7925,1,36
7926,1,15
7927,0,28
7928,1,35
7929,0,16
7930,0,22
7931,1,24
7932,1,39
7933,1,11
7934,1,23
7935,0,17
7936,1,55
7937,1,24
7938,1,44
7939,0,52
7940,0,40
7941,0,18
7942,1,57
7943,1,12
7944,1,52
7945,1,35
7946,0,27
7947,1,18
7948,1,11
7949,0,15
7950,0,41
7951,1,39
7952,0,30
7953,1,40
7954,1,56
7955,0,17
7956,1,27
7957,0,12
7958,0,23
7959,0,20
7960,0,59
7961,0,58
7962,0,58
7963,1,10
7964,0,30
7965,0,29
7966,1,56
7967,1,53
7968,0,57
7969,0,58
7970,1,59
7971,0,48
7972,1,55
7973,0,28
7974,1,50
7975,0,26
7976,1,31
7977,1,58
7978,1,26
7979,0,10
7980,0,25
7981,0,54
7982,1,48
7983,1,33
7984,0,27
7985,0,19
7986,0,21
7987,1,56
7988,0,28
7989,1,46
7990,0,55
7991,1,57
7992,1,39
7993,1,55
7994,0,27
7995,0,43
7996,0,59
7997,0,33
7998,0,23
7999,1,18
8000,1,37
8001,1,53
8002,1,18
8003,1,36
8004,1,20
8005,0,57
8006,0,49
8007,1,39
8008,1,48
8009,1,35
8010,1,47
8011,1,48
8012,1,55
8013,0,59
8014,0,29
8015,0,43
8016,0,34
8017,1,41
8018,1,31
8019,0,34
8020,0,36
8021,1,53
8022,0,43
8023,0,53
8024,0,56
8025,0,32
8026,0,25
8027,0,35
8028,1,18
8029,0,39
8030,0,40
8031,1,40
8032,0,37
8033,0,49
8034,0,59
8035,1,24
8036,0,28
8037,1,41
8038,1,24
8039,1,36
8040,1,51
8041,0,35
8042,0,24
8043,0,53
8044,1,28
8045,1,23
8046,0,45
8047,0,14
8048,0,10
8049,0,36
8050,1,48
8051,0,26
8052,0,55
8053,0,43
8054,0,26
8055,1,15
8056,0,10
8057,0,44
8058,1,57
8059,1,20
8060,0,47
8061,1,13
8062,1,52
8063,0,54
8064,0,55
8065,1,53
8066,0,26
8067,0,48
8068,0,42
8069,1,12
8070,0,45
8071,1,54
8072,0,38
8073,0,51
8074,0,57
8075,0,31
8076,0,32
8077,1,15
8078,0,44
8079,0,56
8080,0,30
8081,1,55
8082,1,21
8083,1,46
8084,1,13
8085,0,47
8086,0,56
8087,0,27
8088,0,33
8089,1,46
8090,1,32
8091,0,20
8092,0,36
8093,1,42
8094,1,19
8095,1,14
8096,0,56
8097,0,40
8098,1,37
8099,0,31
8100,1,36
8101,0,12
8102,1,29
8103,1,51
8104,1,32
8105,0,25
8106,0,28
8107,0,15
8108,0,41
8109,1,36
8110,0,49
8111,0,32
8112,1,28
8113,0,24
8114,1,33
8115,0,46
8116,0,46
8117,1,21
8118,1,20
8119,1,31
8120,1,10
8121,0,11
8122,1,52
8123,1,30
8124,0,49
8125,1,12
8126,0,37
8127,0,30
8128,0,51
8129,0,24
8130,0,24
8131,1,16
8132,1,28
8133,0,48
8134,0,51
8135,0,31
8136,0,17
8137,1,12
8138,0,10
8139,0,15
8140,0,17
8141,1,50
8142,1,19
8143,1,36
8144,0,12
8145,1,42
8146,0,52
8147,1,13
8148,1,11
8149,0,33
8150,0,38
8151,1,37
8152,1,33
8153,1,10
8154,0,23
8155,1,38
8156,1,20
8157,0,36
8158,0,38
8159,0,28
8160,1,22
8161,1,25
8162,1,42
8163,0,10
8164,1,17
8165,1,58
8166,0,45
8167,1,40
8168,1,47
8169,1,34
8170,0,41
8171,1,39
8172,0,22
8173,0,22
8174,0,12
8175,1,55
8176,0,16
8177,1,59
8178,0,22
8179,0,33
8180,0,44
8181,0,48
8182,1,45
8183,0,13
8184,1,51
8185,0,45
8186,1,33
8187,1,43
8188,0,46
8189,1,51
8190,1,55
8191,1,29
8192,1,23
8193,0,17
8194,1,50
8195,1,20
8196,1,28
8197,0,20
8198,1,56
8199,1,30
8200,1,52
8201,0,54
8202,0,13
8203,1,47
8204,1,31
8205,0,10
8206,1,13
8207,0,28
8208,0,43
8209,1,21
8210,1,19
8211,1,15
8212,1,36
8213,0,11
8214,0,23
8215,1,17
8216,1,11
8217,1,56
8218,0,12
8219,0,37
8220,0,22
8221,1,19
8222,0,57
8223,1,23
8224,0,58
8225,1,17
8226,1,54
8227,1,40
8228,1,54
8229,1,53
8230,1,59
8231,0,44
8232,0,22
8233,1,37
8234,0,10
8235,0,18
8236,1,57
8237,1,42
8238,0,36
8239,0,33
8240,0,43
8241,0,16
8242,0,51
8243,0,42
8244,1,35
8245,0,56
8246,0,39
8247,0,34
8248,1,42
8249,1,12
8250,0,17
8251,1,41
8252,0,28
8253,1,12
8254,1,14
8255,0,16
8256,1,39
8257,1,25
8258,1,38
8259,1,36
8260,1,48
8261,0,17
8262,0,25
8263,1,55
8264,0,59
8265,0,47
8266,1,25
8267,1,51
8268,0,44
8269,1,21
8270,1,59
8271,0,36
8272,1,35
8273,0,25
8274,0,45
8275,0,15
8276,1,50
8277,0,30
8278,0,23
8279,0,31
8280,1,45
8281,1,48
8282,0,36
8283,1,33
8284,1,43
8285,1,11
8286,0,24
8287,1,28
8288,0,52
8289,0,37
8290,0,59
8291,1,59
8292,1,11
8293,0,27
8294,1,15
8295,0,46
8296,1,33
8297,0,42
8298,0,47
8299,1,29
8300,1,34
8301,0,30
8302,1,41
8303,0,46
8304,1,28
8305,0,57
8306,1,30
8307,0,52
8308,0,45
8309,1,41
8310,0,19
8311,1,36
8312,1,34
8313,1,44
8314,0,33
8315,1,42
8316,1,18
8317,0,47
8318,0,20
8319,1,25
8320,1,11
8321,0,12
8322,1,35
8323,1,17
8324,0,14
8325,1,12
8326,1,59
8327,0,59
8328,0,58
8329,1,59
8330,1,37
8331,0,22
8332,1,56
8333,1,36
8334,0,34
8335,1,26
8336,1,46
8337,0,42
8338,0,39
8339,1,59
8340,1,27
8341,1,21
8342,1,40
8343,0,55
8344,0,34
8345,1,43
8346,0,29
8347,0,10
8348,1,47
8349,0,39
8350,1,54
8351,1,31
8352,0,29
8353,1,10
8354,1,57
8355,0,22
8356,0,39
8357,0,24
8358,1,58
8359,1,37
8360,0,51
8361,1,23
8362,0,16
8363,1,31
8364,1,10
8365,1,38
8366,1,25
8367,1,41
8368,1,20
8369,1,23
8370,1,57
8371,0,14
8372,1,49
8373,1,20
8374,1,52
8375,1,27
8376,0,31
8377,0,19
8378,1,46
8379,0,22
8380,0,30
8381,0,22
8382,1,35
8383,1,19
8384,1,38
8385,1,52
8386,1,41
8387,1,20
8388,1,39
8389,1,16
8390,1,19
8391,0,32
8392,1,59
8393,0,19
8394,1,13
8395,0,27
8396,1,19
8397,0,41
8398,0,15
8399,1,45
8400,0,25
8401,1,46
8402,1,53
8403,1,18
8404,0,34
8405,1,31
8406,0,43
8407,1,16
8408,1,38
8409,0,17
8410,0,44
8411,1,51
8412,1,50
8413,1,30
8414,0,24
8415,0,16
8416,1,22
8417,1,24
8418,0,56
8419,1,34
8420,1,25
8421,1,32
8422,1,55
8423,1,22
8424,0,26
8425,1,16
8426,1,24
8427,1,48
8428,0,42
8429,0,50
8430,1,35
8431,0,21
8432,1,49
8433,0,59
8434,1,32
8435,1,39
8436,1,23
8437,0,38
8438,1,52
8439,1,31
8440,0,19
8441,1,41
8442,0,40
8443,0,51
8444,1,24
8445,0,44
8446,0,26
8447,0,43
8448,0,30
8449,0,20
8450,1,40
8451,1,18
8452,0,45
8453,0,33
8454,1,53
8455,0,41
8456,1,25
8457,0,38
8458,0,33
8459,1,42
8460,1,59
8461,0,21
8462,0,44
8463,0,48
8464,1,29
8465,1,22
8466,1,59
8467,0,44
8468,1,16
8469,0,47
8470,1,41
8471,0,42
8472,0,18
8473,0,59
8474,0,28
8475,0,25
8476,0,35
8477,0,13
8478,0,22
8479,1,29
8480,0,31
8481,1,33
8482,0,28
8483,0,54
8484,0,14
8485,0,31
8486,1,24
8487,0,58
8488,1,42
8489,0,32
8490,0,46
8491,1,46
8492,0,17
8493,1,55
8494,0,22
8495,1,52
8496,0,41
8497,0,18
8498,1,13
8499,1,11
8500,0,26
8501,0,49
8502,0,19
8503,1,18
8504,1,32
8505,0,48
8506,1,14
8507,0,57
8508,0,32
8509,1,14
8510,1,13
8511,1,18
8512,1,35
8513,1,31
8514,1,40
8515,1,33
8516,1,10
8517,1,18
8518,1,49
8519,0,10
8520,0,43
8521,1,14
8522,0,45
8523,1,28
8524,0,24
8525,1,37
8526,1,56
8527,0,15
8528,0,46
8529,0,53
8530,1,55
8531,0,28
8532,1,31
8533,1,10
8534,0,24
8535,0,18
8536,1,30
8537,0,49
8538,1,48
8539,1,52
8540,1,37
8541,0,32
8542,0,52
8543,1,48
8544,0,15
8545,1,22
8546,0,33
8547,0,15
8548,0,33
8549,0,10
8550,0,54
8551,1,50
8552,0,27
8553,0,43
8554,0,32
8555,0,42
8556,0,37
8557,1,57
8558,1,56
8559,1,53
8560,0,46
8561,1,21
8562,0,28
8563,1,51
8564,0,11
8565,1,59
8566,0,40
8567,0,52
8568,0,10
8569,1,19
8570,0,22
8571,1,35
8572,0,56
8573,1,44
8574,1,29
8575,1,16
8576,0,42
8577,0,26
8578,1,32
8579,1,57
8580,0,15
8581,1,56
8582,1,39
8583,0,55
8584,0,47
8585,1,13
8586,0,20
8587,1,35
8588,0,40
8589,1,13
8590,0,55
8591,1,53
8592,1,27
8593,0,42
8594,0,23
8595,1,36
8596,0,32
8597,0,38
8598,0,58
8599,0,56
8600,0,53
8601,0,34
8602,1,19
8603,0,56
8604,0,13
8605,1,22
8606,0,39
8607,0,48
8608,1,13
8609,0,20
8610,1,29
8611,1,56
8612,0,59
8613,0,32
8614,1,16
8615,1,58
8616,1,33
8617,0,57
8618,0,52
8619,0,47
8620,0,11
8621,1,46
8622,0,46
8623,1,40
8624,0,48
8625,1,59
8626,0,27
8627,0,33
8628,1,14
8629,1,55
8630,1,19
8631,0,20
8632,1,21
8633,0,54
8634,0,49
8635,1,24
8636,0,52
8637,1,19
8638,1,48
8639,1,40
8640,1,42
8641,1,29
8642,0,30
8643,1,47
8644,0,56
8645,0,58
8646,1,28
8647,0,36
8648,0,54
8649,1,25
8650,0,58
8651,1,26
8652,1,21
8653,0,20
8654,1,57
8655,1,39
8656,0,54
8657,1,47
8658,1,19
8659,0,43
8660,1,31
8661,1,37
8662,1,54
8663,1,13
8664,0,31
8665,1,13
8666,0,45
8667,1,46
8668,0,46
8669,0,56
8670,1,13
8671,0,30
8672,0,23
8673,1,52
8674,1,54
8675,1,41
8676,0,19
